episode,rewards,actor_loss,critic_loss
0,-308.46,-0.0817,0.0061
1,-520.70,1.4856,1.7671
2,-239.40,1.0395,0.6575
3,-183.27,0.7357,0.1892
4,-270.31,0.2660,0.0971
5,-101.46,-0.0296,0.0015
6,-357.98,0.1055,0.0124
7,-330.68,0.6515,0.7139
8,-335.19,0.5619,0.5342
9,-387.12,0.2529,0.2826
10,-320.25,0.2270,0.1022
11,-164.98,-0.0388,0.0172
12,-129.93,-0.1646,0.1043
13,14.04,-0.1570,0.2330
14,-142.44,-1.4530,0.1761
15,-119.34,-0.0569,0.3310
16,-19.43,-0.3077,0.4557
17,2.31,-0.4279,1.0373
18,153.24,0.0728,1.2830
19,-54.56,-0.1081,1.0693
20,205.92,0.0664,0.8986
21,34.77,0.0158,0.0023
22,-185.78,0.0038,0.0002
23,-144.50,-0.0003,0.4863
24,-71.29,-0.0654,0.1851
25,-18.49,-0.0075,0.0001
26,109.66,0.1469,1.5268
27,7.77,-0.0001,0.0000
28,-197.31,-0.0115,0.4032
29,-83.23,-0.0472,0.0004
30,-94.21,0.0031,0.0001
31,-68.53,-0.0093,0.0001
32,-54.49,-0.0012,0.0000
33,-28.55,0.0036,0.0000
34,-52.55,0.0350,0.0010
35,-207.94,-0.0010,0.0303
36,-138.16,-0.0463,0.5986
37,-55.62,0.0119,0.0000
38,-87.78,-0.0002,0.0000
39,-119.12,-0.0034,0.0002
40,-48.57,-0.0002,0.0000
41,-94.93,0.0284,0.0011
42,-106.38,0.0004,0.0004
43,-73.87,-0.0008,0.0003
44,-52.00,0.0034,0.0001
45,-50.07,0.0000,0.0000
46,-114.64,0.0017,0.0001
47,-109.19,-0.0339,0.0002
48,-92.20,0.0001,0.0000
49,-81.45,-0.0079,0.0000
50,-116.36,-0.0022,0.0000
51,-126.43,-0.0097,0.0000
52,-106.06,-0.0004,0.0000
53,-24.76,0.0003,0.0002
54,-79.25,0.0004,0.0001
55,-146.86,0.0032,0.0001
56,-110.67,0.0000,0.0000
57,-282.52,-0.0000,0.1412
58,141.17,0.0001,1.4567
59,-103.38,0.0000,0.0000
60,-65.40,-0.0040,0.5455
61,-198.55,0.0000,0.2186
62,138.27,0.0716,1.5836
63,-22.89,-0.0032,0.7299
64,-53.60,0.0011,0.0005
65,-111.98,-0.0646,0.0002
66,100.87,0.0007,0.0000
67,-11.68,0.0031,0.0001
68,172.64,0.0035,0.0000
69,-52.29,0.0001,0.0000
70,-103.14,-0.0011,0.0002
71,-74.28,-0.0184,0.0004
72,14.87,-0.0000,1.2286
73,-76.65,0.0016,0.0003
74,-33.79,-0.0001,0.0000
75,-124.37,-0.0185,0.0000
76,-58.15,-0.0081,0.0002
77,-87.62,-0.0008,0.0000
78,-67.63,0.0001,0.0003
79,-69.65,-0.0817,0.0005
80,-37.11,0.0000,0.0000
81,-121.90,0.0062,0.0001
82,-150.05,0.0000,0.0000
83,-89.36,0.0078,0.0001
84,-51.22,0.0002,0.0000
85,-110.21,-0.0023,0.0000
86,-90.29,0.0017,0.0001
87,1.87,-0.0008,0.0000
88,-40.47,-0.0285,0.0003
89,6.97,0.0001,0.0000
90,-81.50,0.0052,0.0003
91,-72.87,-0.0089,0.0002
92,-56.77,0.0000,0.0000
93,-86.17,-0.0154,0.0001
94,-140.16,0.0002,0.0000
95,-130.46,-0.0018,0.0000
96,-81.43,0.0006,0.0000
97,-84.21,0.0098,0.0000
98,-234.06,-0.0003,0.0000
99,-17.64,-0.0000,0.0000
100,-64.80,-0.0013,0.0000
101,170.82,0.0009,0.8711
102,-86.85,0.0001,0.0000
103,-132.39,0.0000,0.9979
104,-67.45,-0.0001,0.0000
105,-137.89,-0.0154,0.0000
106,-138.72,-0.0000,0.0000
107,-176.86,-0.0419,0.0002
108,-105.07,-0.0000,0.0000
109,-172.45,0.0027,0.0001
110,-53.43,0.0000,0.5258
111,-142.07,-0.0000,0.0000
112,-64.97,-0.0000,0.0000
113,-40.74,0.0000,0.0000
114,-98.24,0.0001,0.0000
115,-61.13,-0.0002,0.0001
116,-104.64,0.0000,0.0000
117,-67.80,-0.0013,0.0000
118,-154.08,0.0028,0.0000
119,-56.10,0.0017,0.0000
120,-51.03,0.0000,0.0860
121,-117.32,-0.0088,0.0000
122,-154.83,-2.3834,0.3246
123,-87.48,-0.0015,0.1816
124,-106.64,-0.3435,0.1029
125,-120.32,-0.4308,0.1481
126,-132.94,-0.0355,0.3049
127,-129.63,0.0000,0.0000
128,-65.80,0.0003,0.0007
129,-124.12,0.0000,0.0000
130,-113.33,-0.0068,0.0003
131,-93.90,0.0006,0.0001
132,-197.70,-0.0015,0.3563
133,-107.47,-0.2163,0.0958
134,-124.30,0.0000,0.0437
135,-167.73,-0.0565,0.0910
136,-89.62,-0.0015,0.0007
137,-97.10,0.0003,0.0130
138,-66.03,0.0000,0.0000
139,-136.52,-0.0035,0.0001
140,-141.42,-0.0011,0.0000
141,-162.49,0.0000,0.0000
142,-95.01,-0.0000,0.0001
143,-89.86,-0.2150,0.2555
144,-85.71,-0.0003,0.0000
145,-97.14,-0.0020,0.0003
146,-90.19,-0.0049,0.0002
147,-171.25,-0.0073,0.1438
148,-85.75,-0.0114,0.0225
149,-140.78,-0.0000,0.0000
150,-98.07,-0.0023,0.0922
151,-134.86,-0.0016,0.0000
152,-105.62,-0.0031,0.0006
153,-113.01,-0.0000,0.0000
154,-120.29,-0.0015,0.0001
155,-207.42,0.0001,0.0000
156,-106.55,0.0250,0.0001
157,-145.30,0.0001,0.0002
158,-88.64,-0.0001,0.0893
159,-74.96,-0.0008,0.0001
160,-101.73,-0.0008,0.0000
161,-117.42,0.0000,0.0002
162,-96.67,0.0020,0.0000
163,-247.40,-0.0095,0.2676
164,-172.72,-0.0946,0.6767
165,-45.38,0.0000,0.0000
166,-41.46,0.0000,0.0002
167,96.19,0.0000,1.1256
168,-40.82,0.0000,0.1075
169,-75.71,-0.0000,0.0000
170,-166.89,-0.0022,0.6364
171,-74.24,-0.0076,0.0002
172,-104.52,-0.0030,0.5785
173,-114.64,-0.0378,0.2639
174,-77.83,-0.0000,0.0277
175,-62.74,-0.0002,0.0092
176,-47.14,0.0000,0.0209
177,-24.76,0.0000,0.0114
178,-37.01,0.0000,0.0001
179,-85.80,0.0000,0.0001
180,-53.17,0.0010,0.0000
181,-106.42,-0.0002,0.0000
182,-103.60,-0.0377,0.4996
183,-54.21,0.0000,0.0001
184,-58.19,0.0001,0.0001
185,-140.53,-0.0001,0.0000
186,-88.29,-0.0178,0.0001
187,-131.96,0.0000,0.0003
188,-152.83,-0.0022,0.5634
189,-124.69,-0.0030,0.0000
190,-48.90,0.0051,0.0000
191,-94.96,-0.0023,0.0001
192,-133.84,-0.0002,0.0000
193,-80.25,-0.0330,0.4484
194,-105.55,0.0000,0.0000
195,-133.38,-0.0207,0.0001
196,-42.02,-0.0058,0.0000
197,-86.34,0.0000,0.0000
198,-116.36,0.0000,0.0000
199,-120.19,-0.0006,0.0001
200,-88.80,0.0000,0.0001
201,-119.90,0.0000,0.0002
202,-125.37,-0.0000,0.0000
203,-73.39,-0.0000,0.0003
204,-135.92,0.0000,0.0000
205,-132.90,-0.0280,0.0532
206,-179.29,-2.6442,0.5923
207,-9.37,-0.0000,0.2719
208,-69.67,-0.0000,0.0000
209,-83.49,0.0001,0.0011
210,-124.91,-0.0002,0.0001
211,-84.14,-0.0001,0.0000
212,-60.32,-0.0041,0.0000
213,-102.01,0.0000,0.0000
214,-185.72,-0.0000,0.2549
215,-46.10,0.0000,0.0000
216,-91.15,-0.2920,0.1621
217,-104.00,-0.0216,0.2530
218,-29.42,0.0000,0.2475
219,7.72,0.0000,0.0616
220,-78.25,-0.0000,0.0000
221,-152.86,-0.0322,0.1825
222,-132.74,0.2759,0.0028
223,-268.51,-0.4086,0.1384
224,-84.35,-0.0038,0.0007
225,-93.35,-0.0000,0.0001
226,-121.53,-0.0055,0.1945
227,-124.83,-0.0000,0.0000
228,-142.71,-0.0009,0.1035
229,-130.80,-0.0003,0.0002
230,-46.01,-0.0031,0.0001
231,-75.88,-0.0000,0.0000
232,-197.29,-0.1841,0.4978
233,-64.15,-0.0000,0.0000
234,-80.76,0.0000,0.0000
235,-128.23,-0.0094,0.6225
236,-90.42,-0.0004,0.0001
237,-237.71,-0.0262,0.4004
238,-89.61,0.0000,0.0000
239,-80.94,0.0000,0.0001
240,-122.24,-0.0306,0.4180
241,-125.00,-0.0029,0.0000
242,-213.33,-0.0130,0.1855
243,-103.33,0.0019,0.0000
244,-185.49,-0.0001,0.3876
245,-60.21,-0.0000,0.0000
246,-43.85,0.0027,0.0001
247,-90.60,0.0002,0.0000
248,-84.65,0.0083,0.0005
249,-77.87,-0.1857,0.2443
250,-45.54,0.0000,0.0000
251,-125.67,0.0001,0.0003
252,-164.57,-0.3475,0.3834
253,-139.96,0.0006,0.0001
254,-119.53,-0.5284,0.2668
255,-77.06,-0.0001,0.0000
256,-173.04,-0.1339,0.4326
257,-219.74,-0.5050,0.2936
258,-250.63,-0.0001,0.1823
259,-64.12,0.0030,0.0002
260,-96.61,-0.0000,0.0001
261,-159.97,0.0000,0.0000
262,-195.99,-0.0522,0.0924
263,-143.63,0.0025,0.0001
264,-166.69,-0.0511,0.0364
265,-164.50,-0.0000,0.1442
266,-156.89,-0.0000,0.0312
267,-58.14,-0.1490,0.5065
268,-186.60,-0.0003,0.1702
269,-179.10,0.0000,0.0002
270,-167.04,0.0000,0.0000
271,-144.91,0.0001,0.0001
272,-301.92,-0.0003,0.3504
273,-318.83,-0.0059,0.0050
274,-186.21,-0.3136,0.3464
275,-152.33,0.0297,0.0014
276,-294.14,-0.0439,0.1610
277,-133.54,-0.0009,0.0000
278,-167.27,-0.0014,0.0000
279,-174.03,-0.0000,0.0146
280,-152.10,0.0159,0.0058
281,-248.61,-0.0301,0.4117
282,-157.60,-0.0020,0.0000
283,-102.75,0.0014,0.0000
284,-79.20,-0.0000,0.4782
285,-188.69,-0.0427,0.2347
286,-98.55,-0.0000,0.0000
287,-122.14,0.0109,0.0001
288,-196.51,0.0007,0.0008
289,-234.99,-0.3286,0.2748
290,-178.11,-0.0000,0.2516
291,-102.68,-0.0033,0.0000
292,-173.49,-0.0039,0.0416
293,-121.73,-0.0034,0.0001
294,-119.87,0.0023,0.0000
295,-116.36,-0.0016,0.0003
296,-225.91,-0.0422,0.0807
297,-112.92,0.0108,0.0000
298,-190.44,-0.0452,0.0004
299,-153.60,-0.0157,0.4135
300,-298.25,0.0046,0.0033
301,-278.68,-0.2278,0.2325
302,-152.25,-0.0000,0.0000
303,-223.07,-0.0000,0.0002
304,-124.44,0.0000,0.0003
305,-154.29,0.0004,0.0000
306,-196.35,-0.0002,0.0000
307,-182.51,0.0023,0.0000
308,-104.52,-0.0024,0.0000
309,-142.30,0.0008,0.0000
310,-113.35,-0.1324,0.4345
311,-196.79,0.0011,0.0000
312,-134.05,0.0001,0.0000
313,-115.93,-0.0004,0.0000
314,-116.20,-0.0003,0.0002
315,-298.02,-0.0054,0.0426
316,-108.30,0.0027,0.0000
317,-156.99,-0.5045,0.2461
318,-228.52,-0.5024,0.1270
319,-217.81,0.0222,0.0010
320,-221.48,0.0163,0.1137
321,-185.97,-0.8497,0.2583
322,-211.50,-0.0123,0.0001
323,-177.08,-0.0259,0.3975
324,-232.08,-0.3615,0.1132
325,-154.55,0.0045,0.0001
326,-238.03,-0.0585,0.4822
327,-153.59,-0.0027,0.0001
328,-268.79,0.0005,0.0496
329,-250.29,-0.0200,0.0402
330,-105.51,-1.1817,0.4569
331,-134.85,0.0002,0.0000
332,-201.38,0.0019,0.2496
333,-199.08,-0.0000,0.3043
334,-183.08,0.0000,0.0000
335,-252.31,-0.0207,0.3649
336,-142.50,0.0016,0.0001
337,-138.07,-0.0005,0.0001
338,-155.09,-0.0000,0.4547
339,-257.93,-0.0048,0.0867
340,-119.29,0.0000,0.0001
341,-194.72,-0.0000,0.1438
342,-249.73,-0.1264,0.3001
343,-104.14,-0.0000,0.0003
344,-135.31,-0.0007,0.0000
345,-183.27,-0.0020,0.0793
346,-151.06,-0.0015,0.2243
347,-173.26,-0.0016,0.0102
348,-215.72,-0.0163,0.0600
349,-220.54,-0.0753,0.2509
350,-149.64,-0.0203,0.0000
351,-194.77,-0.0001,0.1067
352,-175.65,-0.0487,0.0884
353,-238.11,-0.0021,0.0309
354,-113.31,-0.0768,0.0442
355,-119.75,-0.8670,0.0448
356,-144.43,0.0000,0.0000
357,-117.49,-0.2657,0.3231
358,-209.70,0.1658,0.0413
359,-150.77,-0.0006,0.1380
360,-107.52,-0.1951,0.1537
361,-96.28,-0.0156,0.0676
362,-147.50,-0.0182,0.2727
363,-203.81,-0.0000,0.0197
364,-215.39,0.0000,0.0015
365,-180.01,-0.0650,0.3000
366,-168.70,0.0014,0.0050
367,-216.46,0.0163,0.0533
368,-223.02,-0.0000,0.0065
369,-89.53,-0.0063,0.3085
370,-95.22,-0.0006,0.0000
371,-142.55,-0.0433,0.1106
372,-214.74,-0.0467,0.0220
373,-131.79,-0.0028,0.0002
374,-102.81,0.0001,0.0000
375,-116.64,0.0000,0.0000
376,-188.60,-0.0508,0.0329
377,-138.20,-0.3185,0.0939
378,-106.23,-0.0004,0.0000
379,-196.67,-0.0003,0.0951
380,-99.63,0.0003,0.0004
381,-123.81,-0.2074,0.3858
382,-157.08,-0.0298,0.0061
383,-79.12,-0.0085,0.0002
384,-145.33,-1.1677,0.1848
385,-42.26,0.0000,0.0011
386,-230.91,-0.0987,0.0650
387,-158.49,-0.0001,0.0034
388,-234.52,-0.0005,0.0000
389,-73.76,-0.0000,0.0000
390,-249.02,-0.0476,0.0246
391,-114.53,0.0000,0.0000
392,-182.34,-0.0006,0.0123
393,-198.61,-0.0222,0.0394
394,-187.54,-0.0006,0.0036
395,-56.31,-0.0020,0.0002
396,-42.85,0.0000,0.0002
397,-192.61,0.0080,0.0016
398,-193.30,0.0000,0.0000
399,-50.60,0.0000,0.0000
400,-257.58,-0.0020,0.0164
401,-225.93,-0.0030,0.0183
402,-250.60,-0.3285,0.1218
403,-191.58,-0.5238,0.1234
404,-185.42,-0.0449,0.0721
405,-183.18,-0.0108,0.0714
406,-277.33,-0.0151,0.0937
407,-56.46,-0.0003,0.0001
408,-170.57,-0.0043,0.1034
409,-31.28,0.0062,0.0000
410,-194.27,-0.0287,0.1508
411,-200.11,-0.0690,0.1049
412,-3.05,-0.0061,0.0000
413,-211.01,-0.0810,0.0488
414,-222.21,-0.0589,0.0562
415,-55.67,-0.0023,0.0001
416,-247.58,-0.4884,0.1054
417,-92.25,0.0000,0.0001
418,-214.82,-0.0970,0.3147
419,-272.50,-0.0003,0.2342
420,-206.34,-0.1020,0.5934
421,-154.76,-0.1792,0.3535
422,-155.64,-0.0192,0.2058
423,-138.86,-0.0719,0.1496
424,-150.90,-0.0086,0.1236
425,-103.90,-0.0000,0.7865
426,-81.20,-0.0010,0.0391
427,-98.15,-0.3566,0.1141
428,-75.55,0.0015,0.0000
429,-93.16,-0.0064,0.0001
430,-226.82,0.0001,0.0002
431,-241.45,0.0007,0.0021
432,-380.04,-0.0068,0.0771
433,-105.47,0.0003,0.0000
434,-210.21,-0.0045,0.0000
435,-383.92,-0.2782,0.3156
436,-255.74,-0.0006,0.0004
437,-408.88,-0.0168,0.3152
438,-359.88,-0.0037,0.1830
439,-279.50,0.0000,0.0001
440,-314.98,-0.0717,0.1980
441,-293.31,-0.0010,0.0000
442,-273.26,0.0000,0.0002
443,-326.06,-0.5651,0.1922
444,-94.49,-0.0714,0.3626
445,-384.21,-0.0570,0.2772
446,-143.57,0.0000,0.0001
447,-121.19,-0.0059,0.1017
448,-273.41,-0.3203,0.3110
449,-221.22,-0.0000,0.0000
450,-105.69,-0.0044,0.0000
451,-240.31,-0.2958,0.1053
452,-84.85,-0.0116,0.0113
453,-76.47,-0.0051,0.0126
454,-149.46,0.0002,0.0000
455,-74.20,0.0042,0.0000
456,-212.93,-0.0256,0.3324
457,-81.13,-0.2313,0.0728
458,-103.85,0.0004,0.0000
459,-224.93,-0.0542,0.3540
460,-89.52,-0.2329,0.2555
461,-113.09,0.0013,0.0000
462,-186.55,-0.6085,0.2744
463,-91.35,0.0005,0.0000
464,-91.90,-0.0022,0.0000
465,-101.79,-0.0011,0.0007
466,-109.53,-0.0012,0.0000
467,-98.32,-0.7919,0.3206
468,-101.70,0.0001,0.0000
469,-144.73,-0.0363,0.1128
470,-168.20,-0.0017,0.0009
471,-147.14,-0.0641,0.2261
472,-196.98,-1.3161,0.3070
473,-198.81,-0.4386,0.2177
474,-341.99,-0.1316,0.2993
475,-233.02,-0.1236,0.2362
476,-119.90,-0.0795,0.1250
477,-139.17,0.0007,0.0000
478,-184.21,0.0030,0.0005
479,-133.83,0.0003,0.0000
480,-139.08,0.0000,0.0001
481,-256.05,-0.0036,0.2765
482,-248.11,-0.0001,0.1443
483,-211.63,-0.0149,0.0639
484,-110.46,0.0012,0.0000
485,-118.18,-0.0034,0.0000
486,-123.02,-0.0025,0.0001
487,-120.33,0.0002,0.0000
488,-79.00,-0.0010,0.4460
489,-237.55,-0.2020,0.3731
490,-259.68,-0.0456,0.3057
491,-203.54,-0.1965,0.1405
492,-1.57,0.0000,0.1188
493,-227.51,-0.0013,0.0008
494,-223.88,-0.0780,0.0555
495,-136.90,-0.8610,0.1110
496,-99.13,-0.0007,0.0001
497,-34.03,-0.0000,0.0535
498,-113.97,0.0005,0.0001
499,-56.09,0.0000,0.0000
500,-130.91,0.0013,0.0000
501,-126.88,-0.0122,0.5805
502,-60.96,0.0000,0.0001
503,-29.57,0.0000,0.0000
504,-158.02,0.0219,0.0000
505,-87.23,0.0000,0.0000
506,-54.12,0.0000,0.0003
507,-221.50,-1.7044,0.6680
508,-83.21,0.0000,0.0000
509,-60.63,-0.0001,0.0001
510,-74.74,0.0000,0.0000
511,-77.74,-0.0001,0.0000
512,-231.84,-0.0457,0.4490
513,-110.67,-0.0062,0.4426
514,-94.17,-0.0148,0.4020
515,-35.29,-0.0000,0.0000
516,-45.21,0.0000,0.0000
517,-99.54,-0.0034,0.0000
518,-78.60,0.0001,0.0000
519,-190.78,-0.0388,0.0923
520,-70.58,0.0008,0.0010
521,-106.97,-0.0102,0.3450
522,28.92,-0.2467,0.3474
523,-42.40,-0.0175,0.2471
524,-37.32,0.0000,0.0153
525,-73.08,-0.0000,0.0009
526,51.78,0.0000,0.0023
527,-105.10,-0.0030,0.1021
528,-182.81,-0.0648,0.1766
529,-93.78,-0.1970,0.2763
530,-103.62,0.0000,0.0000
531,-99.62,0.0004,0.0000
532,-111.01,-0.0010,0.0000
533,-197.89,-0.0976,0.4441
534,-80.55,0.0001,0.0000
535,-183.03,-0.0045,0.3846
536,-107.68,-0.0850,0.2748
537,-100.39,-0.0022,0.0000
538,-139.62,-0.7130,0.3776
539,-39.43,0.0001,0.0000
540,-68.26,0.0125,0.0000
541,-160.84,-0.0172,0.4297
542,-109.91,-0.0929,0.3806
543,-56.84,-0.0000,0.0000
544,-33.65,0.0000,0.0000
545,-85.68,-0.0014,0.0003
546,-232.78,-0.0234,0.3871
547,-83.51,-0.0002,0.0000
548,-104.68,0.0013,0.0005
549,-163.81,-0.6426,0.3918
550,-95.84,-0.3503,0.3167
551,-104.84,-0.0008,0.0000
552,-166.27,-0.0018,0.3295
553,-169.65,-0.4413,0.1911
554,-236.37,-0.0247,0.1084
555,-50.61,0.0000,0.0001
556,-172.28,-0.1071,0.0990
557,-145.57,-0.0000,0.0000
558,-69.02,-0.0000,0.0001
559,-66.30,0.0000,0.0004
560,-240.24,-0.0018,0.1330
561,-64.20,-0.3493,0.1044
562,-220.09,-0.0127,0.0995
563,-79.20,-0.2375,0.0276
564,-231.52,-0.0855,0.3289
565,-11.44,-0.0005,0.0003
566,-114.39,0.0004,0.0000
567,-28.75,0.0000,0.0000
568,-132.25,0.0035,0.0000
569,-91.46,0.0003,0.0000
570,-80.67,-0.0175,0.3032
571,-76.22,-0.0000,0.0000
572,-153.44,-2.6714,0.5440
573,-63.19,0.0073,0.0001
574,-147.67,-0.0034,0.3645
575,-86.57,-0.0002,0.0000
576,-115.55,0.0031,0.0002
577,-72.42,0.0000,0.0000
578,-80.04,0.0093,0.0002
579,-177.54,-0.2831,0.4591
580,-138.62,0.0000,0.0000
581,-160.47,-0.0245,0.3895
582,-100.84,0.0001,0.0003
583,-75.04,-0.0000,0.0000
584,-152.24,-1.5938,0.4332
585,-26.71,0.0000,0.0002
586,-56.47,0.0017,0.0000
587,-10.80,-0.0088,0.0000
588,-143.96,-0.7444,0.2763
589,-183.64,-0.0129,0.2932
590,-132.28,-0.4293,0.1271
591,-50.71,0.0000,0.0003
592,-82.81,0.0000,0.0000
593,-48.75,-0.0000,0.0000
594,-203.40,-0.0408,0.1858
595,-210.58,-1.7892,0.3576
596,-57.48,-0.4236,0.3065
597,-135.63,-0.0007,0.2382
598,-26.33,-0.0002,0.0002
599,-76.39,-0.0002,0.0002
600,-97.16,-0.1623,0.3330
601,-113.87,-0.4106,0.0960
602,-86.77,-0.0005,0.0335
603,-30.99,-0.0000,0.0000
604,-87.64,-0.0045,0.4371
605,-77.43,-0.0704,0.2998
606,-78.19,-0.0600,0.0068
607,-111.91,-0.0006,0.1509
608,-117.48,-0.0090,0.0822
609,-35.22,0.0000,0.0001
610,-50.73,0.0002,0.0000
611,-47.79,-0.0003,0.0000
612,-58.92,0.0003,0.0000
613,-125.68,-0.1367,0.4283
614,-197.99,-0.1633,0.3333
615,-82.69,0.0000,0.0001
616,-49.11,-0.0001,0.0000
617,-78.21,-0.0026,0.0000
618,-96.78,0.0000,0.0002
619,-83.47,-0.0000,0.0007
620,-83.94,0.0001,0.0005
621,-80.50,-0.3401,0.2457
622,-82.68,0.0043,0.0000
623,-122.13,0.0000,0.0000
624,-88.90,-0.0000,0.0000
625,-91.89,-0.1567,0.0241
626,-78.79,0.0005,0.0002
627,-77.80,-0.0049,0.1348
628,-101.04,-0.0395,0.0180
629,-113.08,0.0004,0.0002
630,-73.17,0.0000,0.0000
631,-71.83,0.0000,0.0000
632,-125.28,0.0001,0.0000
633,-81.19,-0.0005,0.0000
634,-64.68,0.0000,0.0000
635,-100.75,-0.0016,0.2633
636,-85.13,0.0003,0.0000
637,-106.81,-0.0585,0.1231
638,-86.18,-0.0028,0.0717
639,-108.24,0.0000,0.0000
640,-83.35,0.0000,0.0000
641,-80.03,-0.0142,0.0558
642,-87.53,0.0001,0.0000
643,-107.09,0.0019,0.0002
644,-108.98,-1.1153,0.2093
645,-76.09,0.0000,0.0000
646,-85.03,-0.0011,0.5959
647,-100.96,-0.0001,0.0000
648,-92.11,-0.0003,0.0000
649,-106.60,-0.0012,0.0000
650,-131.71,-1.2642,0.4595
651,-116.33,-0.0001,0.0000
652,-130.06,0.0000,0.0000
653,-75.35,-0.0042,0.4289
654,-136.80,0.0000,0.0000
655,-83.63,0.0014,0.0004
656,-107.83,0.0042,0.0001
657,-89.92,-0.0080,0.0001
658,-129.70,-0.0000,0.0000
659,-102.57,-0.0008,0.6348
660,-95.72,-0.0018,0.0000
661,-204.52,-0.3241,0.5109
662,-19.81,0.0000,0.1374
663,-110.51,-0.2988,0.3166
664,-114.29,-0.1086,0.2810
665,-73.70,-0.0002,0.0000
666,-80.70,-0.0000,0.0002
667,-129.23,0.0000,0.0000
668,-71.63,-0.0053,0.3532
669,-71.93,0.0012,0.0000
670,-49.38,-0.0000,0.0000
671,-126.85,-0.1863,0.4567
672,-114.99,-1.4206,1.0347
673,-242.25,-1.0635,0.6992
674,-90.76,-0.1359,0.1703
675,-70.59,-0.3012,0.1200
676,-107.85,-0.0818,0.0970
677,-114.17,-0.0695,0.5045
678,-117.31,-1.3088,0.4533
679,-78.05,-0.0829,0.1144
680,-122.00,-0.0184,0.2865
681,-35.84,-0.0000,0.0283
682,-73.23,0.0000,0.1097
683,-134.87,0.0000,0.0116
684,-19.32,-0.0000,0.0332
685,-84.62,0.0000,0.2628
686,-96.23,0.0000,0.0000
687,-99.38,0.0022,0.0000
688,-72.89,-0.0975,0.0910
689,-94.35,0.0000,0.0353
690,-126.88,-0.0002,0.0000
691,-104.77,0.0000,0.0003
692,-117.50,-0.0041,0.4718
693,-63.97,-0.0333,0.5029
694,-121.36,-0.0000,0.0000
695,-116.45,-0.0471,0.4018
696,-147.57,0.0003,0.0000
697,-153.76,0.0000,0.0000
698,-116.97,-0.4426,0.6831
699,-109.54,-0.0273,0.0002
700,-104.15,-0.0586,0.2328
701,-84.21,-0.0242,0.0906
702,-107.23,-0.0003,0.6453
703,-91.84,0.0000,0.0000
704,-148.57,-0.0202,0.1798
705,-129.80,-0.0181,0.4453
706,-105.02,-0.0000,0.0000
707,-97.01,-0.0065,0.0000
708,-14.01,-0.0001,0.0000
709,-135.73,0.0096,0.0005
710,-25.79,-0.0030,0.0002
711,-81.83,0.0023,0.0003
712,11.67,0.0000,0.0001
713,-117.79,-0.0329,0.3053
714,-87.94,-0.0032,0.1051
715,-95.90,-0.0509,0.0714
716,-69.69,0.0000,0.2806
717,-101.99,0.0000,0.0030
718,103.19,0.0023,1.4966
719,-102.66,-0.0011,0.1649
720,138.17,0.0246,1.0356
721,-95.18,-0.1893,0.1752
722,-93.58,-0.0097,0.0000
723,-103.91,-0.0992,0.3736
724,121.42,0.0000,1.5048
725,-48.00,-0.0001,0.0000
726,-89.95,-0.0003,0.0000
727,-96.86,-0.0015,0.3249
728,-77.23,-1.6626,0.4241
729,-141.99,-0.0111,0.3380
730,-110.83,-0.5804,0.1783
731,-82.34,-0.0000,0.0000
732,-97.73,-0.1728,0.2387
733,-125.17,-0.0000,0.0004
734,-117.76,-0.0000,0.0000
735,-90.05,-1.8200,0.4298
736,-53.61,0.0000,0.0000
737,-51.66,-0.0000,0.0000
738,-102.63,0.0011,0.0001
739,-83.95,-0.6997,0.5984
740,-79.55,-0.0000,0.0000
741,-108.08,-0.0278,0.4304
742,-84.14,-0.2399,0.0693
743,-134.94,-0.3111,0.2525
744,-35.48,0.0000,0.0000
745,-100.00,0.0001,0.0000
746,-205.24,-0.0042,0.4532
747,-97.81,0.0001,0.0000
748,-48.26,0.0001,0.0000
749,-201.46,-0.0019,0.5357
750,-88.49,-0.0006,0.0000
751,-42.21,-0.0004,0.0000
752,-84.41,-0.0032,0.0000
753,-92.87,-0.0660,0.7915
754,-128.79,0.0022,0.0000
755,-118.31,-0.2714,0.3618
756,-152.55,0.0016,0.0002
757,-35.66,0.0007,0.0001
758,-69.78,-0.1380,0.4927
759,-54.14,0.0005,0.0000
760,-67.38,0.0007,0.0000
761,-77.79,-0.0101,0.0001
762,-237.86,-0.0067,0.2522
763,-132.71,-0.0063,0.2975
764,-59.75,0.0008,0.0000
765,-86.60,-0.0093,0.3244
766,-67.06,-0.0097,0.0000
767,-138.09,-0.0816,0.4769
768,-84.52,-0.0000,0.0004
769,-59.61,-0.0000,0.0000
770,-207.02,-0.0026,0.2671
771,-84.00,-0.0141,0.0131
772,-62.39,0.0000,0.0000
773,-65.79,-0.0000,0.0000
774,-118.97,-0.4623,0.3740
775,-99.65,-0.0041,0.0933
776,-105.02,-0.0017,0.0527
777,-39.05,-0.0001,0.0000
778,-84.06,-0.0012,0.0000
779,-102.29,-0.0333,0.2995
780,-27.85,0.0006,0.0000
781,-99.13,0.0000,0.0000
782,-91.12,-0.0001,0.0000
783,-104.99,-0.0007,0.2663
784,-16.58,-0.0000,0.0645
785,-70.63,-0.0012,0.0000
786,-74.78,-0.0231,0.1234
787,-107.77,-0.0544,0.2781
788,-55.35,-0.0473,0.0310
789,-77.62,0.0062,0.0001
790,-150.58,0.0000,0.3699
791,-146.36,-0.0051,0.0001
792,-213.32,-1.0263,0.4869
793,-144.11,-0.1035,0.3708
794,-138.98,-0.3401,0.3267
795,-240.31,-0.1008,0.1837
796,-115.87,-0.0720,0.0756
797,-61.25,0.0059,0.0001
798,-105.64,-0.5951,0.0842
799,-122.72,0.0003,0.0000
800,-98.72,-0.0182,0.1011
801,-91.76,-0.1021,0.1989
802,-79.60,0.0137,0.0002
803,-82.19,0.0271,0.0081
804,-73.89,-0.0015,0.0001
805,-163.02,-0.6281,0.3625
806,-82.74,-0.0007,0.0000
807,-124.23,-0.1914,0.1042
808,-101.51,-0.4300,0.1596
809,-198.92,-0.0111,0.0903
810,-134.66,-0.7969,0.6598
811,-74.54,0.0000,0.0010
812,-34.98,-0.0000,0.0418
813,-60.30,0.0042,0.0000
814,-85.73,-0.0004,0.7583
815,-120.62,-0.0024,0.0000
816,-92.17,-0.0015,0.0000
817,-104.72,-0.0043,0.3485
818,-82.43,0.0005,0.0000
819,197.71,-0.0000,0.9513
820,-104.46,0.0005,0.0000
821,-39.62,-0.0000,0.0000
822,-151.26,-0.0000,0.7641
823,-135.74,-0.0000,0.0000
824,-190.77,-0.3493,0.1122
825,-105.11,0.0028,0.0001
826,-105.64,-0.0017,0.3835
827,-169.25,-0.0006,0.2148
828,-148.95,-0.0004,0.4014
829,-94.91,-0.0689,0.1302
830,-138.47,0.0000,0.0005
831,220.08,-0.0000,0.6620
832,-63.87,0.0005,0.0000
833,-96.58,-0.0540,0.0530
834,-87.44,0.0002,0.0000
835,-25.88,0.0000,0.0686
836,-125.66,-0.0147,0.0153
837,-132.28,-0.0744,0.0209
838,-81.53,-0.0026,0.0113
839,-192.31,-0.0344,0.0641
840,-171.39,0.0003,0.0002
841,-54.90,-0.0000,0.0054
842,-81.66,-0.0000,0.0290
843,-97.28,-0.0015,0.0001
844,-64.46,0.0006,0.0001
845,-122.36,-0.0178,0.0026
846,-109.23,-0.0710,0.3938
847,-107.77,0.4949,0.0428
848,-127.07,0.0002,0.0000
849,-106.62,-0.0000,0.0000
850,-90.25,-0.0001,0.0041
851,-110.68,0.0144,0.0336
852,-111.76,-0.0002,0.0000
853,-72.42,0.0048,0.0005
854,-138.65,0.0001,0.0000
855,-109.75,0.0029,0.0005
856,-162.42,0.0044,0.0000
857,-103.80,-0.0004,0.4121
858,-103.91,0.0000,0.0001
859,-103.17,-0.0321,0.4873
860,-62.07,-0.0033,0.0008
861,-52.09,-0.0000,0.0000
862,-79.77,0.0000,0.0000
863,-136.75,-0.3615,0.2118
864,-84.73,-0.0498,0.5095
865,-100.49,-0.0001,0.0644
866,-94.31,-0.0015,0.0000
867,-100.52,-0.0000,0.0005
868,-99.08,0.0044,0.0237
869,-104.20,0.0035,0.0006
870,-120.69,-0.0012,0.2493
871,-29.39,0.0004,0.0001
872,-85.11,0.0000,0.0000
873,-87.31,-0.0038,0.0000
874,-98.09,-0.6283,0.0780
875,-85.47,-0.0662,0.4179
876,-81.94,-0.0002,0.0003
877,-120.10,-0.0040,0.0001
878,-104.24,-0.0087,0.0031
879,-108.87,0.0029,0.0000
880,-173.71,-0.0000,0.1926
881,-77.46,-0.0033,0.0550
882,-11.15,0.0000,0.0004
883,-15.20,-0.0000,0.0005
884,-48.06,-0.0000,0.0000
885,-103.13,-0.4034,0.1200
886,-51.29,0.0000,0.0002
887,-97.05,-0.0207,0.0171
888,-89.65,-0.0000,0.2187
889,-18.25,-0.0000,0.0000
890,-94.21,-0.0231,0.1556
891,-72.92,0.0004,0.0000
892,-77.07,0.0001,0.0000
893,-79.38,-0.0025,0.7448
894,-116.33,0.0012,0.0674
895,-96.75,0.0018,0.0165
896,-96.74,-0.0000,0.0000
897,-91.46,-0.0001,0.0005
898,-96.30,-0.0000,0.0000
899,-102.54,-0.0001,0.2699
900,-77.94,0.0000,0.0000
901,-107.20,0.0016,0.0001
902,-238.11,0.0064,0.0435
903,147.60,0.0013,1.0659
904,-83.10,-0.0000,0.0000
905,-73.81,0.0000,0.0000
906,-131.10,-0.0498,0.3685
907,-98.27,0.0037,0.0000
908,-105.14,-0.2225,0.3533
909,-106.68,0.0065,0.0007
910,-45.42,-0.0000,0.0000
911,-147.28,-0.0000,0.0923
912,-115.05,0.0001,0.0007
913,-49.79,0.0003,0.0000
914,-18.44,0.0001,0.0000
915,-70.91,-0.0003,0.0000
916,-121.15,-0.0049,0.4781
917,-40.68,0.0000,0.0000
918,-56.52,0.0000,0.0000
919,-19.01,-0.0000,0.0000
920,-15.63,-0.0000,0.0001
921,-90.27,-0.0001,0.7174
922,-87.77,0.0146,0.0004
923,-88.85,-0.0493,0.3965
924,-111.08,-0.0632,0.2970
925,-48.16,-0.0354,0.5639
926,-49.62,-0.0524,0.4310
927,181.92,0.0005,0.5715
928,-47.12,-0.0000,0.0107
929,-132.66,0.0000,2.0423
930,88.50,0.0066,1.3269
931,166.25,0.0673,0.5637
932,-117.95,-0.0050,0.5640
933,45.52,0.0010,0.0000
934,-38.91,0.0000,0.0000
935,-112.67,-0.0005,0.0000
936,-68.10,-0.0008,0.0000
937,-77.03,0.0001,0.0000
938,-87.04,-0.0000,0.0003
939,-57.69,0.0000,0.0000
940,-87.21,0.0058,0.0003
941,-92.22,-1.3405,0.2364
942,-53.96,0.0000,0.0000
943,-68.04,-0.4084,0.3879
944,-79.22,-0.0000,0.8491
945,-50.39,-0.0919,0.6152
946,-110.12,-0.1994,0.5044
947,-51.51,0.0009,0.0000
948,-38.77,-0.0050,0.0002
949,-69.19,-0.0699,0.3340
950,126.29,0.0032,0.4402
951,-126.58,0.0000,2.6358
952,13.60,-0.0014,0.0000
953,-33.70,0.0000,0.2958
954,140.17,-0.0000,0.4033
955,-48.74,-0.0002,0.0000
956,-74.31,0.0000,0.6341
957,-108.53,0.0000,2.0672
958,-66.34,-0.0198,0.4246
959,128.61,-0.0000,0.4742
960,209.96,0.0002,0.4005
961,101.40,0.0017,0.2268
962,-76.12,0.0000,0.8547
963,-47.06,0.0000,1.5389
964,-63.50,0.0000,1.2883
965,104.00,-0.0000,1.1431
966,-11.34,0.0000,2.2637
967,199.20,0.0046,1.3844
968,-163.56,0.0000,0.0000
969,168.91,-0.0000,0.6131
970,-71.03,0.0000,1.0376
971,179.84,0.0003,0.6039
972,-25.47,-0.0000,0.0000
973,211.43,0.0009,0.3773
974,68.80,-0.0000,0.9979
975,-142.08,-3.0754,0.5562
976,160.30,-0.0000,0.8600
977,210.21,0.0007,0.4003
978,-105.19,0.0000,0.9311
979,-22.78,0.0034,0.0000
980,232.99,0.0006,0.2860
981,-11.41,-0.0000,0.0001
982,95.91,-0.0000,0.1734
983,-71.54,-0.0001,0.0000
984,-67.11,-0.0001,0.6691
985,-40.28,0.0000,1.1745
986,82.24,0.0000,0.0000
987,173.69,-0.0000,1.0998
988,-45.91,0.0117,0.0001
989,-30.69,0.0000,0.7126
990,208.76,0.0061,0.4812
991,-39.66,0.0000,0.5717
992,-35.43,-0.0000,0.0000
993,-8.94,0.0000,0.0000
994,-41.64,-0.0052,0.0000
995,-17.92,0.0000,0.0000
996,-78.92,0.0001,0.0000
997,-30.30,0.0025,0.0004
998,-56.30,0.0028,0.0000
999,143.54,0.0001,0.5138
1000,-63.24,-0.0000,0.0000
1001,76.25,-0.0004,0.0000
1002,106.29,-0.0000,0.2237
1003,-7.66,0.0000,1.2400
1004,-76.75,0.0000,1.1775
1005,-59.37,0.0003,0.0003
1006,176.54,-0.0000,0.4875
1007,178.15,0.0053,0.5044
1008,-148.31,0.0000,2.3609
1009,187.10,-0.0000,0.3307
1010,-59.28,-1.6718,0.6332
1011,-53.66,0.0000,2.6171
1012,129.86,0.0431,0.5440
1013,-31.67,-0.0376,1.0001
1014,-76.16,0.0000,1.5634
1015,131.09,-0.0000,0.4321
1016,-36.63,-0.0029,0.0000
1017,151.08,-0.0000,0.8647
1018,-91.72,-0.0401,0.5771
1019,84.22,-0.0000,0.7657
1020,-78.29,0.0000,0.0000
1021,-116.48,0.0000,1.4329
1022,120.43,-0.0000,0.6527
1023,-105.80,0.0000,1.6348
1024,-45.53,0.0000,1.8378
1025,156.96,-0.0000,0.6554
1026,130.25,-0.0000,0.4567
1027,-74.43,-0.0000,0.0000
1028,166.02,0.0062,0.7455
1029,-34.89,0.0000,1.8776
1030,-88.52,-0.0045,0.7428
1031,143.93,-0.0000,1.1981
1032,199.76,0.0000,0.4644
1033,161.88,0.0519,0.3998
1034,156.08,0.0000,0.2678
1035,-60.66,0.0000,0.0000
1036,179.84,0.0026,0.1893
1037,-78.59,0.0000,2.6214
1038,177.67,0.0000,0.2045
1039,139.35,-0.0000,0.1657
1040,164.36,0.0000,0.1557
1041,181.80,0.0273,0.2402
1042,150.42,0.0003,0.1346
1043,171.15,0.0000,0.2704
1044,145.86,-0.0000,0.1024
1045,-143.44,0.0000,2.6076
1046,163.81,0.0024,0.3075
1047,-34.12,0.0000,0.0000
1048,-127.32,0.0000,2.9192
1049,191.24,0.0005,0.3770
1050,-34.47,0.0000,2.8157
1051,-106.39,-0.0117,0.6963
1052,177.86,-0.0000,0.3256
1053,-61.79,0.0000,2.0095
1054,220.05,-0.0000,0.2895
1055,-123.77,0.0000,1.8675
1056,252.03,-0.0000,0.3719
1057,-39.99,0.0000,2.3259
1058,-40.12,0.0000,0.7569
1059,-21.73,0.0000,0.6022
1060,-29.14,-0.3139,0.7971
1061,-60.60,0.0000,1.9917
1062,158.15,-0.0000,0.7432
1063,-60.33,0.0000,0.7791
1064,-45.96,0.0000,0.5312
1065,177.52,-0.0000,1.0221
1066,212.95,0.0000,0.3879
1067,-52.58,0.0000,1.2095
1068,179.67,0.0000,0.6619
1069,204.88,-0.0000,0.3998
1070,263.94,0.0000,0.2441
1071,198.65,-0.0000,0.1757
1072,219.77,0.0000,0.1523
1073,-43.10,0.0000,1.2616
1074,196.85,0.0042,1.0900
1075,216.97,0.0002,0.4519
1076,180.83,-0.0000,0.4350
1077,-74.71,0.0000,0.7007
1078,-20.76,0.0000,0.3793
1079,-69.37,0.0000,1.6563
1080,27.41,0.0000,0.0000
1081,-46.95,0.0000,1.2253
1082,211.24,0.0000,0.8246
1083,116.42,0.0000,0.9210
1084,-63.87,0.0000,1.1717
1085,-105.35,0.0000,1.4533
1086,106.25,-0.0000,0.7318
1087,177.34,0.0056,0.3244
1088,193.58,0.0000,0.0891
1089,-95.21,0.0000,0.0000
1090,-32.19,-0.0000,0.0000
1091,137.41,0.0094,0.4030
1092,194.91,0.0001,0.2537
1093,186.24,0.0002,1.0109
1094,157.45,0.0003,0.0671
1095,-4.43,0.0000,2.8570
1096,-43.23,0.0000,1.3447
1097,190.65,-0.0000,0.5510
1098,195.97,-0.0000,0.1911
1099,-59.66,0.0000,2.2303
1100,222.96,-0.0000,0.2690
1101,141.65,-0.0000,0.4118
1102,190.64,-0.0000,0.2303
1103,-16.48,0.0000,1.9325
1104,-9.92,0.0000,0.0000
1105,-98.61,0.0000,1.7796
1106,-102.45,0.0000,1.9326
1107,206.14,-0.0000,0.6283
1108,-28.89,-0.0017,1.1384
1109,154.72,-0.0000,0.6230
1110,227.82,0.0138,0.6932
1111,139.49,-0.0000,0.5066
1112,172.73,0.0011,0.8503
1113,142.12,0.0000,0.2210
1114,214.55,0.0001,0.1709
1115,-25.62,0.0000,1.9481
1116,233.48,-0.0000,0.1366
1117,217.29,0.0000,0.1570
1118,197.36,0.0001,0.1589
1119,183.83,0.0000,0.1289
1120,220.03,-0.0000,0.6963
1121,-21.39,0.0000,3.0377
1122,156.65,-0.0000,0.3069
1123,180.32,-0.0000,0.3751
1124,-130.15,0.0000,1.0419
1125,175.92,0.0000,0.6960
1126,-15.97,0.0000,1.9614
1127,194.56,-0.0000,0.9940
1128,223.25,0.0002,0.2871
1129,-30.91,-0.0104,1.4458
1130,-36.89,0.0000,1.0726
1131,-42.73,0.0000,0.6040
1132,205.95,0.0041,0.4575
1133,-22.25,0.0000,1.2004
1134,-53.98,0.0000,1.5317
1135,-48.14,-0.0019,0.0000
1136,176.92,0.0000,0.9398
1137,-11.43,0.0000,1.5863
1138,-4.65,0.0000,0.9767
1139,210.37,0.0000,0.6452
1140,234.58,0.0015,0.6041
1141,171.26,-0.0000,0.4099
1142,-56.68,0.0000,1.3897
1143,190.73,0.0001,0.3416
1144,178.46,-0.0000,0.3798
1145,169.55,-0.0000,0.3737
1146,186.41,0.0000,0.0658
1147,-46.23,0.0000,1.5989
1148,92.72,0.0025,0.5646
1149,210.13,-0.0000,0.1320
1150,156.27,-0.0000,0.5061
1151,186.14,0.0000,0.2742
1152,202.08,0.0002,0.2505
1153,121.57,0.0025,0.7637
1154,216.35,0.0000,0.2534
1155,155.21,0.0000,0.3868
1156,173.15,-0.0000,0.2799
1157,208.01,0.0000,0.1895
1158,149.34,0.0067,0.1505
1159,-71.21,0.0000,1.9356
1160,62.06,0.0000,0.2164
1161,207.84,0.0013,0.1743
1162,-58.70,0.0000,1.9940
1163,108.80,-0.0000,0.4273
1164,-29.52,0.0000,1.7723
1165,-88.39,0.0000,0.7878
1166,210.49,0.0000,0.5820
1167,210.71,-0.0000,0.3584
1168,166.99,-0.0000,0.3582
1169,196.69,-0.0000,0.1179
1170,221.45,0.0000,0.1005
1171,-48.44,0.0000,1.0706
1172,167.67,0.0000,0.2160
1173,-6.88,-0.0007,1.3585
1174,240.70,0.0000,0.0861
1175,-51.12,0.0000,1.5344
1176,215.71,0.0002,0.6910
1177,226.10,0.0029,0.2389
1178,203.27,-0.0000,0.1238
1179,-50.98,0.0000,2.7349
1180,178.22,-0.0000,0.6476
1181,208.81,0.0000,0.2230
1182,-13.29,0.0000,1.0363
1183,246.12,0.0000,0.1093
1184,-44.01,0.0000,1.3975
1185,-84.34,-0.0027,0.3139
1186,-11.88,0.0000,1.0282
1187,19.77,0.0000,1.1691
1188,-37.84,0.0000,0.2938
1189,240.33,0.0001,0.9957
1190,-40.56,0.0000,0.0443
1191,-46.86,0.0000,0.7282
1192,229.24,0.0405,0.7758
1193,251.40,-0.0000,0.3560
1194,-57.19,0.0000,0.5899
1195,217.22,-0.0000,1.1213
1196,-28.91,0.0000,2.1491
1197,-12.23,0.0000,0.1603
1198,267.02,-0.0000,0.4473
1199,222.17,0.0182,0.5299
1200,36.97,0.0000,1.5465
1201,-9.09,0.0000,0.0982
1202,-42.15,0.0000,0.4675
1203,192.41,-0.0000,1.9368
1204,79.61,-0.0024,0.0000
1205,233.86,0.0037,1.1174
1206,215.16,-0.0000,0.9790
1207,231.46,0.0908,0.8328
1208,11.40,0.0000,0.5839
1209,-38.40,0.0000,1.2333
1210,28.81,0.0000,0.0000
1211,233.37,0.0096,0.4518
1212,191.06,-0.0000,0.4350
1213,240.48,0.0000,0.4765
1214,-88.16,0.0009,0.0000
1215,-47.97,0.0187,0.0001
1216,-184.69,0.0000,0.7959
1217,157.62,-0.0000,0.4801
1218,-55.15,-0.0000,0.0002
1219,-32.92,0.0030,0.0000
1220,-32.30,-0.0000,0.0000
1221,147.34,-0.0000,0.9458
1222,223.77,-0.0000,0.3320
1223,-59.20,-0.0004,0.0001
1224,-31.29,0.0000,0.0000
1225,134.15,0.0029,0.2309
1226,-27.75,0.0001,0.0000
1227,-40.38,0.0100,0.0000
1228,253.69,0.0014,0.2082
1229,-29.37,0.0000,1.7151
1230,197.98,0.0000,0.4886
1231,183.37,-0.0000,0.2292
1232,178.40,-0.0000,0.3452
1233,239.43,0.0290,0.1047
1234,-48.01,0.0000,1.5118
1235,106.71,0.0001,0.0000
1236,245.06,0.0001,0.7055
1237,254.54,0.0000,0.4314
1238,220.97,0.0000,0.2000
1239,199.06,0.0877,0.6462
1240,237.15,0.0000,0.1085
1241,228.36,0.0027,0.3807
1242,212.28,-0.0000,0.2660
1243,182.03,-0.0000,0.1435
1244,198.49,0.0000,0.0838
1245,178.51,-0.0000,0.1644
1246,235.28,0.0000,0.0711
1247,179.46,0.0000,0.1324
1248,210.09,-0.0000,0.0216
1249,185.84,0.0002,0.1726
1250,202.45,-0.0000,0.0766
1251,194.28,-0.0000,0.0537
1252,29.09,0.0000,3.2560
1253,238.83,-0.0000,0.0781
1254,0.52,0.0000,2.7985
1255,217.51,-0.0000,0.2005
1256,231.86,-0.0000,0.1552
1257,252.08,-0.0000,0.0861
1258,-5.71,0.0000,2.7712
1259,225.21,-0.0000,0.1771
1260,248.48,-0.0000,0.1189
1261,236.80,-0.0000,0.0911
1262,-34.01,0.0000,3.0579
1263,265.91,-0.0000,0.1739
1264,260.24,-0.0000,0.1120
1265,267.52,-0.0000,0.1174
1266,220.61,-0.0000,0.0721
1267,214.83,-0.0000,0.0492
1268,191.60,0.0000,0.3425
1269,-9.47,0.0000,2.4706
1270,203.33,0.0000,0.3463
1271,194.88,-0.0000,0.2435
1272,-4.13,0.0000,1.4850
1273,163.07,-0.0000,0.6987
1274,-34.36,0.0000,2.4369
1275,301.44,-0.0000,0.3061
1276,209.81,-0.0000,0.2868
1277,-72.65,0.0000,1.3391
1278,211.70,-0.0000,0.2696
1279,26.17,0.0000,1.4557
1280,-41.41,-0.0000,0.0039
1281,260.29,0.0000,0.4814
1282,265.22,0.0003,0.3085
1283,268.95,0.0000,0.1899
1284,221.99,-0.0000,0.1407
1285,259.81,-0.0000,0.1032
1286,253.96,0.0018,0.0856
1287,291.25,0.0000,0.0485
1288,250.97,0.0000,0.0406
1289,0.40,0.0000,3.2258
1290,46.71,-0.0003,2.4794
1291,10.20,0.0000,2.5287
1292,248.33,0.0021,0.2890
1293,259.94,0.0000,0.1809
1294,226.03,0.0000,0.1751
1295,222.33,0.0000,0.1747
1296,265.06,0.0002,0.1648
1297,247.83,0.0009,0.1580
1298,275.02,-0.0000,0.0777
1299,5.75,0.0000,2.4977
1300,271.47,0.0000,0.1348
1301,200.17,0.0000,0.1104
1302,237.50,-0.0000,0.1141
1303,228.49,0.0000,0.0833
1304,247.22,0.0000,0.0699
1305,221.03,-0.0000,0.2894
1306,267.75,-0.0000,0.0334
1307,257.04,-0.0000,0.0245
1308,-24.31,0.0000,1.9359
1309,261.99,-0.0000,0.0790
1310,291.96,-0.0000,0.0541
1311,274.49,-0.0000,0.0429
1312,258.96,-0.0000,0.0341
1313,200.79,-0.0000,0.0506
1314,-17.38,0.0000,1.9633
1315,249.67,0.0000,0.1766
1316,227.84,0.0000,0.1545
1317,277.20,-0.0000,0.0612
1318,270.52,0.0000,0.1092
1319,233.77,-0.0000,0.0442
1320,48.13,0.0000,2.4752
1321,6.62,0.0000,2.3313
1322,-2.75,0.0000,2.0767
1323,1.83,0.0000,1.5165
1324,8.61,-0.0959,2.1951
1325,25.53,0.0000,1.4552
1326,16.56,0.0000,0.3900
1327,13.92,0.0000,1.1953
1328,30.91,0.0000,0.7111
1329,35.23,-0.0000,0.8099
1330,57.51,0.0000,0.6200
1331,-10.29,0.0000,0.2001
1332,36.96,0.0000,0.1463
1333,207.10,-0.0000,1.5910
1334,2.78,0.0000,0.3569
1335,5.40,0.0000,0.2684
1336,36.05,-0.4243,1.1796
1337,282.27,0.0000,0.8323
1338,246.10,0.0000,0.5968
1339,288.09,0.0001,0.4019
1340,-18.10,0.0000,0.1655
1341,257.90,0.0037,0.3567
1342,284.77,0.0011,0.2225
1343,303.06,0.0000,0.1329
1344,222.63,0.0371,0.1037
1345,237.30,-0.0000,0.0804
1346,5.60,0.0000,1.6599
1347,-17.99,0.0000,0.3371
1348,-43.37,0.0000,1.8924
1349,-98.76,0.0000,0.5984
1350,235.27,0.0047,0.3232
1351,43.05,0.0000,1.9465
1352,270.74,0.0000,0.3137
1353,236.20,0.0018,0.1679
1354,264.96,0.0002,0.3538
1355,187.67,0.0012,0.1515
1356,273.18,-0.0000,0.1032
1357,54.80,0.0000,0.8948
1358,272.39,0.0000,0.0577
1359,277.18,-0.0000,0.0384
1360,255.57,-0.0000,0.0197
1361,284.89,0.0000,0.0586
1362,15.39,-0.0090,3.1388
1363,44.97,0.0000,2.3731
1364,264.16,0.0000,0.2029
1365,-6.12,0.0000,0.8742
1366,-7.50,0.0000,1.3238
1367,282.52,-0.0000,0.2330
1368,24.50,0.0000,1.2334
1369,246.07,0.0060,0.2916
1370,-50.30,0.0000,0.1340
1371,33.77,0.0000,1.6139
1372,263.06,0.0024,0.4095
1373,262.18,-0.0000,0.2735
1374,271.93,0.0000,0.4491
1375,256.11,0.0068,0.1917
1376,251.75,-0.0000,0.1742
1377,251.09,0.0000,0.3079
1378,-30.50,0.0000,0.3582
1379,-26.67,0.0000,0.4700
1380,12.16,-0.0902,1.2958
1381,17.20,-0.0000,1.0843
1382,239.27,0.0004,0.2105
1383,-32.02,-0.0000,0.0000
1384,258.99,0.0000,0.1976
1385,261.89,0.0000,0.1306
1386,226.69,0.0000,0.0304
1387,197.08,0.0000,0.0232
1388,239.44,0.0000,0.0182
1389,170.55,0.0000,0.0228
1390,262.85,0.0000,0.0202
1391,-11.93,0.0000,1.2901
1392,218.58,0.0000,0.5345
1393,294.27,0.0000,0.1208
1394,237.75,-0.0000,0.0571
1395,305.38,-0.0000,0.0316
1396,-3.09,0.0000,1.2007
1397,32.95,0.0000,1.0778
1398,238.23,-0.0000,0.2280
1399,42.63,0.0000,1.0864
1400,278.31,0.0000,0.2475
1401,265.82,0.0005,0.3901
1402,244.27,-0.0000,0.1698
1403,240.80,-0.0000,0.1038
1404,282.50,-0.0000,0.0882
1405,-66.35,0.0000,0.4798
1406,274.83,-0.0000,0.1315
1407,297.37,-0.0000,0.0539
1408,-6.03,0.0000,0.7960
1409,238.33,-0.0000,0.0710
1410,249.71,-0.0000,0.0489
1411,26.96,0.0000,2.3431
1412,266.26,-0.0000,0.0942
1413,241.46,-0.0000,0.0619
1414,266.57,-0.0000,0.0657
1415,268.18,-0.0000,0.0562
1416,231.30,-0.0000,0.0277
1417,260.10,0.0003,0.0643
1418,15.71,0.0000,1.0169
1419,233.06,0.0098,0.1633
1420,286.06,0.0000,0.0633
1421,236.84,0.0011,0.0946
1422,247.69,0.0000,0.0556
1423,16.84,0.0000,1.6660
1424,254.79,0.0000,0.0935
1425,247.49,0.0000,0.0660
1426,13.86,0.0000,1.1736
1427,220.12,0.0014,0.2655
1428,285.74,0.0000,0.0604
1429,-2.31,0.0000,0.9211
1430,224.33,0.0004,0.1436
1431,217.98,0.0006,0.0580
1432,-12.19,0.0000,1.4528
1433,221.46,0.0001,0.1608
1434,-32.22,-0.0025,0.4876
1435,213.81,0.0000,0.1459
1436,179.00,-0.0000,0.5853
1437,-74.13,0.0000,1.0974
1438,-3.80,-0.0000,0.0131
1439,-17.46,0.0000,0.4262
1440,193.63,-0.0000,0.1865
1441,-0.87,0.0000,0.0005
1442,244.69,0.0018,0.3609
1443,209.20,0.0329,0.6940
1444,224.09,0.0036,0.2069
1445,-22.50,0.0000,0.3540
1446,25.54,0.0000,0.1250
1447,-5.87,0.0000,1.0420
1448,223.75,-0.0000,0.4261
1449,-26.38,0.0000,0.0948
1450,198.06,0.0000,0.2577
1451,145.03,0.0003,0.3544
1452,119.89,0.0000,0.2187
1453,214.38,-0.0000,0.0262
1454,275.83,-0.0000,0.0053
1455,228.80,-0.0000,0.0137
1456,265.75,0.0000,0.0435
1457,236.79,-0.0000,0.0026
1458,273.22,-0.0000,0.0021
1459,268.48,-0.0000,0.0040
1460,230.65,-0.0000,0.0006
1461,251.69,0.0078,0.1921
1462,277.19,-0.0000,0.0875
1463,23.09,0.0000,1.7200
1464,282.38,-0.0000,0.2108
1465,41.20,-0.0027,2.1525
1466,299.23,-0.0000,0.2508
1467,-6.77,0.0000,0.4049
1468,31.18,0.0000,1.5141
1469,56.27,-0.0086,1.3259
1470,214.13,0.0000,0.6512
1471,251.39,0.0000,0.3312
1472,265.42,-0.0000,0.2334
1473,270.74,0.0256,0.2434
1474,274.08,0.0000,0.1629
1475,290.54,0.0008,0.1854
1476,267.39,-0.0000,0.0720
1477,0.45,0.0000,0.5373
1478,248.92,0.0000,0.1705
1479,264.97,-0.0000,0.0836
1480,240.04,-0.0000,0.0684
1481,278.26,0.0000,0.0595
1482,255.37,0.0001,0.0560
1483,232.43,0.0000,0.0796
1484,263.55,0.0000,0.0457
1485,269.78,-0.0000,0.0365
1486,242.51,0.0000,0.0425
1487,254.15,0.0000,0.0516
1488,241.26,0.0000,0.0500
1489,-43.80,0.0000,0.8180
1490,224.82,0.0000,0.3557
1491,264.11,0.0003,0.6362
1492,293.21,0.0055,0.1129
1493,236.61,0.0000,0.1013
1494,15.97,0.0000,3.1007
1495,58.37,0.0000,1.3237
1496,286.51,0.0000,0.2319
1497,239.09,0.0029,0.1119
1498,41.54,0.0000,1.9395
1499,243.68,0.0000,0.2641
1500,269.46,-0.0000,0.2702
1501,-10.09,0.0000,2.0543
1502,282.04,-0.0000,0.3476
1503,251.95,0.0076,0.5125
1504,253.63,-0.0000,0.2611
1505,253.58,-0.0000,0.2001
1506,225.29,0.0067,0.1988
1507,235.24,-0.0000,0.1181
1508,266.20,-0.0000,0.0876
1509,29.42,0.0000,2.1650
1510,154.93,-0.0004,0.0000
1511,287.45,0.0000,0.3111
1512,244.82,-0.0000,0.1538
1513,278.72,0.0000,0.1311
1514,-8.74,0.0000,1.8408
1515,35.27,0.0000,1.0607
1516,235.29,0.0003,0.2714
1517,258.77,0.0000,0.1903
1518,225.09,0.0000,0.1396
1519,269.29,-0.0000,0.1428
1520,227.30,0.0022,0.0669
1521,208.36,-0.0000,0.0747
1522,266.02,0.0000,0.0450
1523,239.76,0.0000,0.0974
1524,260.06,-0.0000,0.0501
1525,262.76,0.0001,0.0137
1526,15.98,0.0000,0.5470
1527,258.43,-0.0000,0.0944
1528,40.75,0.0000,0.7696
1529,290.87,0.0000,0.1257
1530,268.46,0.0000,0.0902
1531,56.27,0.0000,3.3462
1532,254.22,0.0000,0.1438
1533,255.11,0.0006,0.1114
1534,269.97,0.0000,0.0690
1535,284.48,0.0003,0.0834
1536,296.59,0.0000,0.0282
1537,261.89,-0.0000,0.0072
1538,257.94,-0.0000,0.0043
1539,260.66,0.0026,0.0085
1540,260.64,0.0004,0.0620
1541,218.48,0.0000,0.0064
1542,263.64,0.0000,0.0089
1543,2.77,0.0000,1.9101
1544,262.26,0.0000,0.0555
1545,253.48,0.0496,0.4263
1546,2.80,0.0000,2.0547
1547,262.91,-0.0000,0.1627
1548,281.77,0.0126,0.1159
1549,273.53,0.0000,0.0905
1550,267.64,0.0000,0.0614
1551,243.86,-0.0000,0.0510
1552,254.96,0.0012,0.0518
1553,27.88,0.0000,2.3762
1554,223.83,-0.0000,0.0951
1555,244.75,-0.0000,0.0714
1556,274.49,0.0001,0.0771
1557,245.30,-0.0000,0.0906
1558,22.97,0.0000,1.1899
1559,251.30,0.0000,0.1574
1560,236.03,0.0021,0.1450
1561,276.15,0.0069,0.1184
1562,234.04,0.0001,0.0906
1563,-14.95,0.0000,2.8481
1564,251.89,0.0035,0.2194
1565,251.23,-0.0000,0.1813
1566,248.08,0.0000,0.2468
1567,230.06,0.0000,0.1368
1568,-9.49,0.0000,0.5599
1569,265.58,-0.0000,0.2107
1570,262.93,-0.0000,0.1123
1571,247.57,-0.0000,0.0875
1572,265.45,-0.0000,0.0502
1573,250.80,-0.0000,0.0292
1574,265.35,-0.0000,0.0658
1575,-8.38,0.0000,0.2149
1576,224.33,-0.0000,0.0987
1577,253.35,-0.0000,0.0523
1578,259.12,-0.0000,0.0290
1579,240.69,0.0000,0.0102
1580,4.76,0.0000,0.1794
1581,230.32,0.0158,0.1217
1582,200.72,-0.0000,0.0992
1583,263.09,0.0000,0.0231
1584,244.51,-0.0000,0.0161
1585,276.47,0.0000,0.0081
1586,-10.29,0.0000,2.2685
1587,-28.46,0.0000,3.2802
1588,250.54,0.0000,0.1101
1589,-0.66,0.0000,0.4370
1590,172.80,-0.0000,0.3202
1591,-29.41,0.0000,2.1023
1592,265.58,0.0005,0.5177
1593,301.09,0.0142,0.1380
1594,286.67,0.0000,0.0744
1595,-6.16,-0.0011,2.1756
1596,285.55,0.0023,0.0939
1597,-48.46,0.0000,2.4766
1598,296.81,0.0022,0.0849
1599,205.51,0.0002,0.1240
1600,292.49,0.0515,0.0871
1601,281.60,0.0017,0.2412
1602,-48.34,0.0000,1.0593
1603,229.97,0.0028,0.3570
1604,277.58,-0.0000,0.1563
1605,243.76,0.0000,0.1013
1606,283.09,0.0000,0.0614
1607,248.94,-0.0000,0.0428
1608,231.57,-0.0000,0.0408
1609,-22.60,0.0000,0.7467
1610,192.59,-0.0000,0.4129
1611,213.07,0.0000,0.1278
1612,211.51,0.0002,0.0938
1613,-22.64,0.0000,0.3165
1614,-8.36,0.0000,0.4027
1615,288.53,0.0022,0.1492
1616,268.34,0.0001,0.4315
1617,239.77,0.0000,0.0686
1618,249.16,0.0001,0.0482
1619,208.77,0.0000,0.0339
1620,245.36,0.0001,0.0233
1621,175.22,0.0000,0.0255
1622,195.59,0.0000,0.0585
1623,241.90,0.0031,0.0806
1624,273.56,0.0000,0.0248
1625,252.25,0.0012,0.0204
1626,261.02,0.0005,0.0314
1627,217.51,0.0022,0.1002
1628,259.32,0.0004,0.0461
1629,249.42,0.0145,0.1255
1630,2.07,0.0000,0.5348
1631,200.68,-0.0000,0.2584
1632,254.56,0.0032,0.0774
1633,215.92,0.0000,0.1387
1634,223.66,0.0000,0.0813
1635,0.91,0.0000,2.1225
1636,259.66,0.0000,0.1184
1637,1.90,0.0000,1.0262
1638,185.37,-0.0000,0.2663
1639,297.85,0.0030,0.0936
1640,273.69,0.0000,0.0416
1641,217.62,0.0000,0.0383
1642,-33.33,0.0000,0.3898
1643,267.07,0.0000,0.2245
1644,256.54,0.0000,0.1839
1645,261.75,-0.0000,0.0512
1646,272.12,0.0000,0.0199
1647,242.78,-0.0000,0.0134
1648,257.68,-0.0000,0.0054
1649,273.91,-0.0000,0.0145
1650,254.48,0.0000,0.0489
1651,271.75,0.0000,0.0064
1652,31.70,0.0000,1.7709
1653,270.15,0.0000,0.0418
1654,255.50,0.0000,0.0285
1655,230.23,0.0000,0.0872
1656,254.93,0.0000,0.0689
1657,-0.56,0.0000,0.1045
1658,248.40,0.0000,0.1148
1659,275.69,0.0001,0.1196
1660,266.28,0.0082,0.1023
1661,22.34,-0.0011,1.3448
1662,270.43,-0.0000,0.0912
1663,230.37,-0.0000,0.0974
1664,272.23,-0.0000,0.0705
1665,-34.71,0.0000,0.2132
1666,248.86,-0.0000,0.1077
1667,236.25,0.0000,0.0750
1668,272.51,0.0000,0.0486
1669,251.57,0.0000,0.0407
1670,242.79,0.0000,0.0571
1671,9.18,0.0000,0.0107
1672,-31.82,0.0000,0.6075
1673,228.86,0.0000,0.1453
1674,275.21,0.0005,0.1164
1675,210.96,0.0000,0.0683
1676,9.13,0.0000,2.2703
1677,271.58,0.0029,0.3352
1678,248.09,-0.0000,0.2127
1679,24.29,0.0000,1.6059
1680,223.98,0.0282,0.4461
1681,270.14,-0.0000,0.2557
1682,259.62,0.0028,0.1985
1683,243.38,0.0001,0.2132
1684,224.39,0.0000,0.1617
1685,260.46,0.0011,0.2410
1686,223.15,0.0005,0.0912
1687,266.15,0.0012,0.0684
1688,214.25,0.0013,0.0644
1689,276.94,-0.0000,0.0447
1690,5.44,0.0000,0.5402
1691,282.20,0.0001,0.0670
1692,-8.20,0.0000,0.4364
1693,247.74,0.0000,0.1570
1694,218.94,0.0006,0.2087
1695,291.95,-0.0000,0.0538
1696,238.19,-0.0000,0.0503
1697,220.73,0.0045,0.1306
1698,254.35,-0.0000,0.2198
1699,252.61,0.0000,0.0491
1700,268.16,0.0000,0.0167
1701,284.04,0.0048,0.0789
1702,282.66,-0.0000,0.0290
1703,-12.56,0.0000,2.1743
1704,261.00,0.0000,0.0788
1705,40.38,0.0000,1.4475
1706,281.66,-0.0000,0.0981
1707,243.97,0.0000,0.1170
1708,233.91,-0.0000,0.0687
1709,285.04,0.0035,0.2090
1710,14.55,0.0000,1.3960
1711,17.19,0.0000,1.9136
1712,251.00,0.0001,0.1909
1713,246.42,0.0000,0.0979
1714,225.65,0.0001,0.1161
1715,274.84,0.0000,0.0584
1716,245.19,0.0024,0.1133
1717,309.78,0.0000,0.0307
1718,255.46,0.0000,0.0177
1719,31.87,-0.0000,2.9952
1720,283.08,0.0014,0.0477
1721,268.06,0.0005,0.0297
1722,281.20,0.0000,0.0270
1723,289.88,0.0000,0.0213
1724,229.52,0.0000,0.0208
1725,195.54,0.0018,0.0363
1726,-8.61,0.0000,1.2064
1727,265.12,-0.0000,0.0861
1728,257.23,0.0001,0.1458
1729,10.83,0.0000,1.5576
1730,297.80,0.0000,0.0869
1731,237.55,0.0031,0.1382
1732,281.76,-0.0000,0.0578
1733,252.47,0.0001,0.0517
1734,291.99,0.0001,0.0200
1735,215.50,0.0009,0.0943
1736,256.49,0.0000,0.0510
1737,-7.10,0.0000,2.3482
1738,0.71,0.0000,0.3676
1739,246.37,0.0000,0.1470
1740,284.04,0.0001,0.0862
1741,-0.62,0.0000,0.3232
1742,298.43,0.0005,0.1016
1743,282.08,0.0008,0.1102
1744,273.40,0.0013,0.0814
1745,4.46,-0.0000,0.8343
1746,190.01,-0.0000,0.3128
1747,220.76,0.0000,0.1722
1748,12.98,-0.0000,0.0005
1749,237.02,0.0016,0.1597
1750,285.64,0.0000,0.0565
1751,225.28,-0.0000,0.1734
1752,6.30,0.0000,1.5499
1753,267.47,0.0000,0.1752
1754,252.62,0.0001,0.1189
1755,292.43,0.0000,0.0788
1756,258.83,0.0000,0.0554
1757,277.25,0.0000,0.0466
1758,298.99,0.0001,0.0180
1759,44.47,0.0000,0.0024
1760,-15.73,-0.0000,0.0016
1761,0.81,-0.0040,0.0000
1762,278.16,0.0047,1.2466
1763,250.20,0.0164,0.6955
1764,251.80,0.0000,0.4650
1765,237.67,0.0000,0.3070
1766,241.09,0.0000,0.2165
1767,268.49,0.0000,0.1002
1768,240.97,0.0000,0.0728
1769,255.80,0.0000,0.0342
1770,299.01,0.0000,0.0668
1771,261.18,0.0009,0.0190
1772,244.64,0.0002,0.0225
1773,245.95,0.0081,0.0805
1774,268.95,0.0000,0.0198
1775,276.04,0.0135,0.0346
1776,258.54,0.0001,0.0408
1777,269.54,0.0000,0.2277
1778,292.62,0.0000,0.1846
1779,5.94,0.0000,0.4464
1780,6.74,0.0000,0.0148
1781,13.54,0.0000,1.5510
1782,24.63,-0.0000,1.6321
1783,271.09,0.0003,0.3588
1784,236.46,0.0029,0.6936
1785,217.98,0.0000,0.5650
1786,301.14,0.0000,0.2640
1787,251.53,0.0000,0.3065
1788,259.89,0.0000,0.1929
1789,250.22,0.0000,0.0793
1790,231.33,0.0000,0.0941
1791,248.50,0.0002,0.0902
1792,266.35,0.0000,0.2123
1793,242.97,0.0000,0.1449
1794,269.01,0.0002,0.0604
1795,251.75,0.0000,0.1305
1796,285.19,0.0000,0.0814
1797,255.11,0.0000,0.0758
1798,253.95,-0.0000,0.1127
1799,20.56,0.0000,0.6590
1800,39.42,-0.0120,1.3442
1801,48.55,-0.0265,0.8324
1802,274.58,0.0000,0.2414
1803,247.92,0.0026,0.4010
1804,232.77,0.0006,0.4210
1805,37.04,0.0000,1.9850
1806,268.70,0.0000,0.2731
1807,169.80,-0.0000,0.5975
1808,198.20,0.0000,0.1680
1809,229.32,-0.0000,0.1423
1810,252.20,0.0000,0.1960
1811,196.77,0.0013,0.1560
1812,227.99,0.0096,0.2340
1813,-53.66,0.0000,1.6577
1814,230.25,0.0000,0.2395
1815,244.49,0.0000,0.2572
1816,191.04,0.0000,0.2050
1817,244.15,0.0000,0.1832
1818,23.23,-0.1071,0.7148
1819,234.62,-0.0000,0.3725
1820,183.54,0.0000,0.1882
1821,234.48,0.0000,0.1064
1822,249.05,0.0001,0.0618
1823,292.01,0.0000,0.0391
1824,205.28,-0.0000,0.0623
1825,35.33,0.0000,1.6133
1826,12.75,0.0000,2.2300
1827,152.35,0.0037,0.3563
1828,262.33,0.0104,0.4115
1829,214.32,-0.0000,0.3568
1830,197.46,0.0159,0.3794
1831,167.65,0.0038,0.3607
1832,186.19,0.0001,0.3813
1833,232.80,-0.0000,0.3131
1834,232.02,0.0000,0.2766
1835,223.31,-0.0000,0.1837
1836,34.96,0.0000,0.3783
1837,264.10,-0.0000,0.1742
1838,257.19,0.0185,0.1956
1839,278.48,-0.0000,0.1242
1840,252.34,0.0102,0.6927
1841,250.94,0.0008,0.4515
1842,235.05,-0.0000,0.3705
1843,199.17,0.0208,0.4372
1844,280.13,0.0005,0.3052
1845,193.69,0.0156,0.2351
1846,225.31,0.0012,0.4096
1847,-17.04,0.0000,2.3537
1848,256.09,-0.0000,0.4434
1849,255.01,0.0593,0.4077
1850,270.90,-0.0000,0.3843
1851,287.35,0.0007,0.3042
1852,237.02,-0.0000,0.2728
1853,245.73,-0.0000,0.2167
1854,237.75,-0.0000,0.1463
1855,288.73,0.0000,0.1092
1856,243.30,-0.0000,0.1147
1857,276.22,0.0000,0.0698
1858,246.73,-0.0000,0.0497
1859,262.46,-0.0000,0.0522
1860,276.22,-0.0000,0.0501
1861,279.12,0.0000,0.0547
1862,276.40,-0.0000,0.0496
1863,276.13,-0.0000,0.0633
1864,35.57,0.0000,3.6680
1865,267.39,-0.0000,0.0906
1866,34.81,-1.2254,2.7073
1867,288.57,-0.0000,0.2535
1868,-3.40,0.0000,1.2234
1869,253.05,-0.0000,0.3122
1870,244.24,-0.0000,0.2666
1871,286.01,-0.0000,0.2392
1872,-14.79,0.0000,0.0278
1873,60.52,0.0000,0.2116
1874,23.91,0.0000,0.1650
1875,-8.68,-0.0000,1.3479
1876,267.98,-0.0000,0.4692
1877,25.25,0.0000,0.9893
1878,-9.21,0.0000,0.5311
1879,270.49,-0.0000,0.5606
1880,255.49,-0.0000,0.5291
1881,14.49,-0.0955,0.5170
1882,275.64,-0.0000,0.4271
1883,304.02,-0.0000,0.3027
1884,274.38,-0.0000,0.2210
1885,272.74,-0.0000,0.1507
1886,2.97,0.0000,1.7777
1887,243.65,-0.0000,0.2656
1888,246.50,-0.0000,0.1748
1889,-7.82,0.0000,0.5997
1890,273.29,0.0000,0.2129
1891,0.11,0.0000,1.4027
1892,228.10,-0.0000,0.1483
1893,244.68,0.0000,0.1100
1894,239.82,0.0000,0.0864
1895,228.04,0.0001,0.2470
1896,275.78,-0.0000,0.0280
1897,234.49,-0.0000,0.0413
1898,220.94,-0.0000,0.2825
1899,242.31,0.1571,0.0326
1900,295.99,-0.0000,0.0309
1901,290.96,-0.0000,0.0315
1902,256.58,-0.0000,0.0314
1903,0.19,0.0000,0.4688
1904,200.32,0.0000,0.3060
1905,1.23,0.0000,1.1835
1906,253.72,0.0000,0.2242
1907,-18.93,0.0000,0.5707
1908,252.06,-0.0000,0.1727
1909,251.53,-0.0000,0.3228
1910,206.23,0.0000,0.0675
1911,253.77,-0.0000,0.0477
1912,314.28,-0.0000,0.0555
1913,257.68,0.0000,0.0413
1914,246.68,-0.0000,0.0429
1915,274.64,-0.0000,0.0155
1916,283.31,0.0000,0.0221
1917,278.49,0.0000,0.0709
1918,240.38,-0.0000,0.0578
1919,228.93,-0.0000,0.0459
1920,267.43,-0.0000,0.0451
1921,263.78,-0.0000,0.0456
1922,289.32,-0.0000,0.0410
1923,229.42,-0.0000,0.0536
1924,280.82,-0.0000,0.0091
1925,254.82,0.0000,0.0177
1926,296.58,0.0000,0.0083
1927,253.03,-0.0000,0.0173
1928,46.33,-0.0035,3.4745
1929,21.73,0.0000,2.7398
1930,43.66,0.0000,2.0893
1931,215.14,-0.0000,0.2974
1932,243.87,-0.0000,0.1418
1933,267.42,0.0006,0.1994
1934,278.69,0.0000,0.1578
1935,29.07,0.0000,2.6376
1936,263.81,-0.0000,0.0939
1937,259.81,0.0001,0.2169
1938,285.37,0.0000,0.1501
1939,217.47,-0.0000,0.0693
1940,275.48,0.0000,0.0912
1941,263.08,0.0000,0.0597
1942,-2.89,0.0000,0.3441
1943,283.23,-0.0000,0.0841
1944,257.96,-0.0000,0.0533
1945,262.98,-0.0000,0.0294
1946,6.28,-0.0000,0.0011
1947,242.48,-0.0000,0.0672
1948,280.27,-0.0000,0.0161
1949,221.50,0.0000,0.3332
1950,267.08,0.0008,0.2063
1951,228.12,-0.0000,0.2065
1952,232.59,0.0000,0.1428
1953,261.12,0.0000,0.0891
1954,266.01,0.0000,0.0557
1955,243.39,-0.0000,0.0259
1956,212.76,0.0003,0.0262
1957,273.19,0.0000,0.2587
1958,247.63,-0.0000,0.1739
1959,249.04,0.0000,0.0757
1960,237.97,0.0000,0.1032
1961,284.42,0.0000,0.0643
1962,264.97,0.0000,0.0546
1963,243.98,0.0000,0.0802
1964,210.72,0.0000,0.1196
1965,289.64,0.0000,0.0502
1966,254.19,0.0000,0.0386
1967,22.91,0.0000,2.0183
1968,234.42,0.0015,0.2645
1969,232.27,0.0029,0.1678
1970,279.00,0.0000,0.1027
1971,279.81,0.0000,0.0517
1972,282.65,0.0001,0.0574
1973,237.86,0.0000,0.0423
1974,309.87,0.0000,0.0397
1975,282.11,0.0001,0.0607
1976,274.46,0.0000,0.0322
1977,259.31,0.0000,0.0498
1978,286.36,0.0001,0.0536
1979,221.86,0.0000,0.1759
1980,26.74,0.0000,2.0428
1981,12.00,0.0000,1.1978
1982,5.35,0.0000,0.3894
1983,234.96,0.0013,0.3523
1984,256.06,0.0000,0.2888
1985,295.97,0.0000,0.1924
1986,263.81,0.0000,0.0780
1987,36.87,0.0000,1.2276
1988,297.03,0.0000,0.1528
1989,274.46,0.0000,0.1095
1990,305.12,0.0000,0.0997
1991,290.98,0.0000,0.0448
1992,290.32,0.0000,0.0417
1993,250.61,0.0000,0.0365
1994,257.46,0.0002,0.0394
1995,240.65,0.0000,0.0326
1996,255.17,0.0009,0.1246
1997,264.10,0.0000,0.0610
1998,285.22,-0.0000,0.0568
1999,304.73,0.0000,0.0183
2000,258.74,0.0004,0.0132
2001,280.70,0.0009,0.0546
2002,32.12,0.0000,3.7935
2003,257.12,0.0001,0.0758
2004,240.87,0.0015,0.0842
2005,239.55,0.0000,0.0716
2006,223.05,0.0120,0.0855
2007,257.62,0.0000,0.0401
2008,259.95,0.0005,0.0648
2009,189.09,-0.0000,0.1210
2010,220.33,0.0057,0.3194
2011,226.56,0.0022,0.6055
2012,247.76,0.0073,0.4168
2013,236.10,0.0003,0.3064
2014,216.62,0.0168,0.5115
2015,212.82,0.0001,0.3388
2016,239.35,0.0024,0.2878
2017,220.90,0.0021,0.4532
2018,162.30,-0.0000,0.1910
2019,229.42,0.0486,0.5208
2020,217.39,-0.0000,0.3835
2021,-5.58,0.0000,2.3232
2022,223.39,0.0000,0.3197
2023,275.79,0.0032,0.2450
2024,220.97,0.0000,0.1927
2025,239.97,0.0000,0.1267
2026,287.03,0.0000,0.0894
2027,253.63,0.0000,0.0658
2028,251.51,0.0019,0.1514
2029,248.33,0.0043,0.2798
2030,240.78,0.0060,0.3467
2031,228.35,0.0004,0.1743
2032,203.19,0.0008,0.1644
2033,242.04,0.0185,0.2043
2034,212.84,0.0059,0.4153
2035,185.64,0.0005,0.2817
2036,227.50,-0.0000,0.2338
2037,40.28,0.0000,2.5542
2038,227.48,0.0000,0.4570
2039,249.70,0.0000,0.2436
2040,226.97,0.0014,0.2989
2041,211.25,-0.0000,0.2212
2042,231.34,0.0001,0.2165
2043,272.39,0.0055,0.2014
2044,256.50,0.0004,0.1079
2045,229.75,-0.0000,0.1544
2046,195.39,0.0001,0.1783
2047,228.79,0.0034,0.1941
2048,121.05,-0.0000,0.0000
2049,78.77,-0.6700,1.9395
2050,54.20,0.0000,1.4306
2051,46.16,-0.0048,1.2206
2052,226.65,0.0978,1.4173
2053,281.37,0.0000,0.7935
2054,246.77,-0.0000,0.6175
2055,262.00,0.0049,0.7050
2056,281.32,-0.0000,0.3855
2057,261.66,-0.0000,0.3049
2058,27.45,0.0000,0.3903
2059,292.41,-0.0000,0.3349
2060,261.99,-0.0000,0.2499
2061,273.46,-0.0000,0.1578
2062,64.64,0.0000,2.3871
2063,241.01,0.0005,0.2543
2064,243.53,-0.0000,0.1805
2065,275.46,0.0000,0.1436
2066,292.84,-0.0000,0.1100
2067,240.28,-0.0000,0.0977
2068,242.35,-0.0000,0.0705
2069,270.81,0.0000,0.0501
2070,266.90,-0.0000,0.0482
2071,263.36,0.0009,0.1066
2072,261.34,0.0044,0.6632
2073,244.88,0.0000,0.5133
2074,288.77,0.0000,0.3714
2075,24.42,0.0000,2.5709
2076,225.56,0.0054,0.6864
2077,220.83,0.0000,0.4012
2078,276.64,0.0000,0.3021
2079,264.51,0.0000,0.3442
2080,248.04,0.0000,0.1768
2081,29.13,-0.0006,1.7882
2082,254.55,0.0000,0.1910
2083,251.88,0.0000,0.1418
2084,286.89,-0.0000,0.1118
2085,249.83,0.0002,0.0779
2086,-6.43,0.0000,0.6245
2087,259.13,0.0001,0.1538
2088,296.55,0.0051,0.2309
2089,299.24,-0.0000,0.1846
2090,86.97,0.0000,3.0957
2091,266.89,0.0013,0.2008
2092,290.42,0.0000,0.2355
2093,265.27,0.0001,0.2386
2094,261.40,0.0000,0.1319
2095,259.52,0.0157,0.3525
2096,51.74,0.0000,3.2257
2097,9.20,0.0000,0.0169
2098,291.11,0.0000,0.2877
2099,292.31,0.0001,0.1995
2100,258.40,-0.0000,0.2926
2101,272.45,0.0000,0.0804
2102,249.91,0.0000,0.0685
2103,243.54,0.0000,0.0611
2104,261.93,0.0000,0.0321
2105,233.45,0.0000,0.0246
2106,271.49,0.0001,0.1557
2107,227.31,0.0000,0.0258
2108,20.68,0.0000,1.4207
2109,245.80,0.0063,0.1106
2110,245.24,0.0017,0.1766
2111,288.71,0.0000,0.0656
2112,39.49,0.0000,3.0114
2113,228.48,0.0000,0.1576
2114,283.29,-0.0000,0.1300
2115,277.49,0.0000,0.1113
2116,281.64,-0.0000,0.1165
2117,244.64,0.0000,0.0964
2118,245.48,0.0004,0.1797
2119,263.03,0.0020,0.1544
2120,240.68,0.0002,0.0827
2121,265.76,0.0002,0.0783
2122,259.67,0.0004,0.1152
2123,-0.71,0.0000,1.5704
2124,248.53,0.0002,0.1759
2125,204.54,0.0000,0.2293
2126,201.23,0.0000,0.1754
2127,149.48,-0.0000,0.1610
2128,120.65,-0.0000,0.1536
2129,223.49,-0.0000,0.0824
2130,236.80,0.0000,0.0597
2131,250.04,0.0228,0.6103
2132,246.40,0.0008,0.2237
2133,249.14,0.0009,0.2923
2134,-34.91,0.0000,1.8667
2135,-14.70,0.0000,2.3812
2136,193.00,-0.0000,0.3443
2137,202.77,0.0000,0.3909
2138,193.48,0.0001,0.2178
2139,201.01,0.0002,0.5277
2140,221.58,0.0002,0.2888
2141,220.66,0.0000,0.4291
2142,232.07,0.0042,0.2418
2143,252.93,0.0178,0.2290
2144,175.88,0.0001,0.4419
2145,220.83,0.0023,0.2673
2146,181.74,0.0136,0.7388
2147,235.25,0.0000,0.4025
2148,-15.20,-0.0002,1.7624
2149,226.61,-0.0000,0.8569
2150,269.36,0.0046,0.4495
2151,269.69,0.0111,0.3877
2152,15.50,0.0000,2.1170
2153,215.00,0.0000,0.3989
2154,254.43,0.0013,0.2456
2155,258.95,0.0000,0.1852
2156,31.64,0.0000,2.6292
2157,211.31,0.0001,0.2639
2158,232.50,0.0000,0.3739
2159,255.99,0.0000,0.1532
2160,212.92,0.0001,0.1674
2161,5.92,0.0000,2.2915
2162,66.82,0.0000,2.4913
2163,232.62,0.0080,0.3351
2164,125.15,-0.0007,0.0000
2165,255.59,0.0215,0.8555
2166,231.51,-0.0000,0.4658
2167,236.21,0.0024,0.3571
2168,-36.13,0.0000,2.4394
2169,205.81,0.0006,0.6808
2170,182.59,-0.0000,0.3900
2171,221.60,0.0289,0.6044
2172,229.00,-0.0000,0.2371
2173,184.24,-0.0000,0.2237
2174,198.23,0.0000,0.3167
2175,218.71,0.0011,0.3369
2176,229.58,0.0013,0.1943
2177,225.15,0.0004,0.1868
2178,208.20,-0.0000,0.2406
2179,254.75,0.0001,0.1130
2180,205.33,0.0009,0.1333
2181,227.79,-0.0000,0.0652
2182,129.55,-0.0000,0.0000
2183,229.52,0.0016,0.5780
2184,246.71,0.0222,0.6855
2185,223.73,-0.0000,0.4587
2186,232.21,-0.0000,0.3743
2187,247.95,0.0071,0.4603
2188,300.25,0.0000,0.1198
2189,181.05,-0.0000,0.2211
2190,230.09,0.0000,0.2163
2191,215.88,0.0013,0.2588
2192,6.76,0.0000,2.0354
2193,36.95,0.0000,1.4512
2194,256.22,0.0009,0.6780
2195,271.78,0.0000,0.4022
2196,277.56,0.0001,0.2892
2197,280.44,0.0000,0.1935
2198,255.82,0.0000,0.1270
2199,274.68,0.0000,0.1066
2200,288.54,0.0001,0.2799
2201,254.07,0.0032,0.1372
2202,264.99,0.0002,0.3197
2203,282.41,-0.0000,0.1531
2204,298.90,-0.0000,0.1404
2205,245.35,0.0000,0.1533
2206,276.90,0.0000,0.0716
2207,267.92,-0.0000,0.1052
2208,267.63,0.0002,0.1314
2209,270.00,0.0000,0.1068
2210,251.47,-0.0000,0.0983
2211,28.03,0.0000,1.5443
2212,0.51,0.0000,1.1269
2213,267.55,-0.0000,0.4070
2214,279.38,-0.0000,0.2824
2215,57.88,0.0000,2.7631
2216,224.69,-0.0000,0.4769
2217,253.09,0.0000,0.4241
2218,276.81,0.0000,0.3048
2219,263.49,0.0003,0.4371
2220,-33.14,0.0000,0.1810
2221,32.26,0.0000,1.3426
2222,236.62,0.0167,0.8696
2223,220.64,-0.0000,0.8374
2224,215.00,-0.0000,0.8695
2225,277.93,0.0000,0.2308
2226,271.47,0.0003,0.2300
2227,216.94,-0.0000,0.2163
2228,194.12,-0.0000,0.4142
2229,192.52,-0.0000,0.4385
2230,206.37,-0.0000,0.4657
2231,255.24,0.0001,0.2652
2232,237.79,0.0000,0.2376
2233,230.68,-0.0000,0.1539
2234,253.89,0.0001,0.0797
2235,255.34,0.0005,0.0528
2236,232.92,-0.0000,0.1435
2237,246.12,0.0000,0.0332
2238,249.29,-0.0000,0.0337
2239,281.71,0.0000,0.0078
2240,269.82,0.0000,0.0167
2241,247.44,0.0000,0.0998
2242,274.09,0.0000,0.0435
2243,299.78,0.0000,0.0444
2244,269.06,0.0000,0.0963
2245,261.10,0.0000,0.0492
2246,291.88,0.0001,0.0559
2247,285.65,0.0051,0.2152
2248,245.29,-0.0000,0.0556
2249,297.31,0.0069,0.0377
2250,252.73,-0.0000,0.0438
2251,282.33,-0.0000,0.0178
2252,19.12,0.0000,3.7799
2253,318.25,-0.0000,0.1214
2254,258.14,0.0096,0.2124
2255,264.41,-0.0000,0.1579
2256,239.45,0.0012,0.5062
2257,263.70,0.0000,0.2893
2258,254.17,0.0000,0.1724
2259,277.41,-0.0000,0.1536
2260,260.24,0.0164,0.1347
2261,239.40,-0.0000,0.0914
2262,282.02,-0.0000,0.0780
2263,203.99,-0.0000,0.4879
2264,249.75,-0.0000,0.0499
2265,265.45,-0.0000,0.0447
2266,-12.17,0.0000,2.4893
2267,17.24,0.0000,1.7022
2268,262.60,0.0000,0.2648
2269,256.67,-0.0000,0.2561
2270,285.85,0.0000,0.2259
2271,295.56,0.0002,0.1860
2272,266.20,0.0000,0.0918
2273,258.60,0.0000,0.1519
2274,305.98,0.0000,0.0504
2275,283.47,0.0000,0.0807
2276,290.26,0.0000,0.0195
2277,248.17,0.0000,0.1927
2278,241.96,0.0012,0.2779
2279,245.56,0.0002,0.0926
2280,265.18,0.0061,0.1336
2281,284.22,0.0247,0.1564
2282,267.46,0.0002,0.2258
2283,264.64,0.0020,0.2030
