episode,rewards,loss,l2_grad,max_grad
0,-74.84,-2.87,0.2722,9.6574
1,-116.60,-1.96,0.3332,10.2588
2,-126.78,-4.66,0.2638,6.5867
3,-212.58,-8.99,0.3727,14.5673
4,-182.66,-3.30,0.2815,8.0757
5,-359.26,-6.40,0.3324,10.8777
6,-79.23,-1.16,0.1532,5.5703
7,-106.18,-1.69,0.2078,7.3934
8,-192.12,-6.46,0.1510,4.0568
9,-253.86,-2.30,0.2578,8.4141
10,-116.89,-1.23,0.1260,3.4821
11,-320.42,-3.84,0.3117,6.6141
12,-229.88,-1.35,0.4212,13.6377
13,-213.66,-0.22,0.2512,8.2240
14,-111.23,-0.36,0.1734,5.1810
15,-122.73,2.00,0.1715,5.9209
16,-127.85,2.22,0.1413,4.8493
17,-260.58,2.12,0.1151,2.3888
18,-208.17,-0.49,0.1895,6.4918
19,-422.91,5.29,0.4118,12.0419
20,-245.29,1.92,0.2162,7.6307
21,-257.04,-4.27,0.1221,2.7988
22,-112.83,2.06,0.1498,5.1574
23,-340.39,-1.47,0.2435,4.8457
24,-91.36,5.18,0.2605,8.4042
25,-116.08,-2.48,0.2959,8.3757
26,-276.75,11.15,0.4175,15.2974
27,-317.63,1.49,0.1165,2.7161
28,-4.93,9.38,0.1860,4.5483
29,-279.45,-4.79,0.1223,3.9767
30,-103.95,4.08,0.1338,4.8291
31,-333.91,15.61,0.2577,8.0979
32,-182.84,-14.55,0.1787,5.3612
33,-151.00,7.14,0.2281,7.1755
34,-191.84,10.85,0.2577,8.3472
35,-71.54,3.81,0.2808,9.4075
36,-290.21,-21.75,0.2906,7.9954
37,-81.93,0.68,0.1525,5.0904
38,-91.36,-5.31,0.0921,2.5981
39,-113.48,2.46,0.2234,7.0433
40,-92.26,1.47,0.2104,7.3605
41,-103.38,-0.42,0.2270,8.3152
42,-303.40,-12.70,0.1564,5.4047
43,-468.40,0.44,0.2290,7.4187
44,-153.46,-6.14,0.2116,6.1359
45,-157.82,-11.47,0.2824,8.6041
46,-144.37,-10.37,0.4159,14.3375
47,-247.29,5.82,0.2768,8.7981
48,-156.16,2.65,0.1379,2.9753
49,-76.13,-3.71,0.2268,8.7517
50,-195.28,-15.74,0.1577,4.2943
51,-124.86,2.63,0.2030,5.1615
52,-23.45,5.18,0.2355,8.0089
53,-212.91,7.41,0.1481,3.8369
54,-66.71,-5.65,0.2519,8.6166
55,-206.27,19.79,0.1978,5.4602
56,-183.92,6.78,0.1358,4.3115
57,-108.03,-2.46,0.2220,7.5052
58,1.32,-9.40,0.1632,4.7034
59,-258.02,-9.95,0.2222,6.3560
60,-148.59,-7.23,0.2582,7.2109
61,-219.06,-5.55,0.2357,8.7724
62,-194.54,0.47,0.3841,9.2166
63,-251.89,7.33,0.2480,7.6658
64,-95.37,-5.37,0.1454,3.5835
65,-180.58,11.58,0.3110,8.5570
66,14.28,-8.51,0.1383,3.5203
67,-80.38,-0.77,0.2464,8.3193
68,-112.82,1.55,0.1195,3.8338
69,-52.84,10.95,0.1300,2.6745
70,-190.27,2.87,0.1873,3.7942
71,-292.61,-3.60,0.2983,9.8541
72,-107.48,-7.17,0.2695,8.7720
73,-110.37,5.27,0.2435,7.3952
74,-110.55,-9.80,0.1816,5.8080
75,-194.04,3.85,0.3393,9.6962
76,-94.75,3.30,0.1162,3.6504
77,-332.37,-1.79,0.4663,11.5698
78,-231.86,-1.90,0.3476,10.3062
79,-72.55,-11.22,0.1916,6.4924
80,-129.15,-8.22,0.2771,6.7435
81,-95.38,-11.57,0.0967,2.3869
82,-151.17,-17.14,0.4671,10.8917
83,-114.97,-9.14,0.2400,8.2837
84,-92.60,-9.90,0.1102,2.7207
85,-120.64,-12.38,0.2158,5.7985
86,-110.98,-5.88,0.3259,8.3569
87,-115.73,-2.31,0.1226,3.9391
88,-142.87,-7.24,0.2258,6.9344
89,-213.11,-12.07,0.1874,4.8027
90,-75.25,-2.30,0.1505,3.8531
91,-88.32,-11.27,0.0540,1.2522
92,-164.54,-5.38,0.2360,7.9323
93,-128.97,8.20,0.2182,7.0322
94,-87.64,-5.88,0.2343,7.4293
95,-96.99,-0.93,0.1541,3.7479
96,-92.67,-5.41,0.2016,5.8914
97,-142.48,-6.95,0.2401,5.6032
98,-96.99,4.63,0.1985,5.2570
99,-75.24,3.25,0.1708,5.2645
100,-111.10,0.01,0.3109,8.5810
101,-139.58,-3.82,0.0938,1.9881
102,-106.50,1.32,0.2530,6.5685
103,-151.33,-2.46,0.2800,9.3468
104,-66.28,10.30,0.2285,5.8683
105,-176.19,5.17,0.2130,3.3911
106,-179.65,-2.41,0.1542,2.7191
107,-95.00,-8.23,0.1984,5.3540
108,-128.18,-0.49,0.2929,9.6458
109,-177.18,2.15,0.1632,3.4896
110,-83.59,7.41,0.2217,6.1559
111,-187.51,-14.36,0.2343,5.5798
112,-89.81,-8.62,0.0607,1.2261
113,26.30,4.18,0.1649,3.8475
114,-65.50,-5.79,0.1954,4.3910
115,-274.91,-14.35,0.4385,9.8702
116,-179.19,-12.53,0.2606,6.6397
117,-116.24,-13.00,0.2442,5.4009
118,-98.51,0.60,0.3122,8.1325
119,-149.40,3.96,0.4167,12.0232
120,-91.08,-8.85,0.3470,10.1779
121,-76.18,3.00,0.1460,2.8232
122,-158.83,-5.34,0.4939,13.1564
123,-76.12,-1.60,0.2620,7.7541
124,-187.42,4.62,0.1336,2.5394
125,-33.21,6.08,0.2299,4.8546
126,-129.56,-2.62,0.2775,6.8117
127,-87.70,-7.22,0.1258,2.2718
128,-84.45,-5.76,0.3009,8.2441
129,-66.95,-3.44,0.1597,4.3559
130,-110.18,-6.61,0.2314,5.6482
131,-83.55,-0.88,0.1281,3.4675
132,-296.18,-14.90,0.3227,8.4395
133,-102.02,-6.16,0.3009,6.6939
134,-149.99,-8.70,0.3503,9.4519
135,-150.26,-6.00,0.1880,4.6417
136,-39.33,-3.30,0.1508,3.2245
137,-101.35,-11.82,0.5373,15.0797
138,-176.96,1.29,0.4989,12.6587
139,-108.49,-9.15,0.1400,3.2491
140,-412.61,-2.63,0.3787,11.1418
141,-134.03,-6.64,0.4114,9.1239
142,-31.00,-2.15,0.2476,5.0539
143,-106.70,-7.28,0.2546,7.3304
144,-110.34,-10.12,0.1948,3.7667
145,-189.18,1.88,0.1865,3.1853
146,-130.43,1.62,0.0901,1.8570
147,-102.55,10.40,0.2713,6.7273
148,-109.56,3.06,0.2465,6.4344
149,-81.69,-3.33,0.1552,3.3640
150,-199.39,-1.22,0.1755,3.6899
151,-36.61,12.42,0.2392,5.3224
152,-161.42,-17.50,0.2426,4.7736
153,-116.18,-4.99,0.2015,4.9662
154,-101.08,-5.00,0.2410,5.4519
155,-90.29,7.56,0.1488,3.1960
156,-259.28,-18.36,0.4402,9.5728
157,-116.31,-2.73,0.3042,5.3009
158,-97.75,-6.49,0.1772,2.5130
159,-202.81,0.84,0.2911,4.5120
160,-144.09,-5.73,0.1659,4.0206
161,-103.37,1.13,0.3095,7.3755
162,-72.52,-6.55,0.2813,5.4936
163,-236.89,-28.46,0.3184,3.6258
164,-37.31,13.34,0.1825,3.9276
165,-280.28,-4.02,0.3503,6.9159
166,-104.01,-11.01,0.2239,3.5371
167,-102.38,20.53,0.5107,13.9900
168,-60.73,1.48,0.1219,1.9099
169,-22.98,-3.90,0.1365,2.9566
170,-43.51,-28.11,0.3117,4.5342
171,-115.36,-13.52,0.4212,9.8038
172,-72.08,1.65,0.2779,7.3194
173,-118.23,2.02,0.5019,12.1749
174,6.50,33.70,0.2328,3.7974
175,-91.47,-6.20,0.1393,2.7117
176,-47.45,-8.91,0.2813,5.9897
177,-148.35,-15.41,0.3047,6.5529
178,-99.60,-24.94,0.1293,2.8893
179,-87.27,-8.12,0.2807,5.4339
180,1.87,-2.32,0.1794,4.3466
181,-203.97,-2.71,0.5027,8.0298
182,-46.88,-0.86,0.1357,3.1247
183,-70.16,-6.20,0.2130,4.0212
184,-112.72,0.68,0.4335,7.3692
185,-69.63,-0.02,0.2171,3.5544
186,-33.66,0.08,0.3536,8.0987
187,-115.76,-12.12,0.3176,5.9800
188,-124.59,-13.78,0.3717,8.6447
189,-126.02,0.75,0.1564,4.0937
190,-76.47,-3.32,0.1111,2.0451
191,-80.90,0.36,0.0885,1.9579
192,-74.91,-11.60,0.1652,3.3980
193,-114.26,-7.42,0.3433,7.3789
194,-43.68,-0.38,0.2292,5.1242
195,-231.47,-51.01,0.7958,15.3785
196,-103.82,-19.61,0.4152,9.1938
197,-59.20,0.20,0.1239,2.2773
198,-68.17,-0.73,0.2467,5.8419
199,-42.58,0.72,0.2955,6.1363
200,-97.48,0.48,0.1511,2.5413
201,-33.84,6.27,0.1344,2.7105
202,-74.22,2.28,0.2076,4.2907
203,-101.75,-12.75,0.2077,3.1816
204,-211.57,-20.05,0.4091,7.2451
205,-72.45,8.84,0.2111,4.6510
206,-98.95,-11.78,0.2834,4.2698
207,-138.43,-15.34,0.2677,6.5112
208,-97.55,-4.41,0.1789,3.6384
209,-106.16,-12.48,0.2728,3.9761
210,-56.29,-6.21,0.2854,5.8269
211,-55.15,25.07,0.2608,3.4074
212,-180.56,-19.45,0.4513,9.2222
213,-39.08,-14.51,0.1233,2.2222
214,-136.23,-35.58,0.4237,9.4273
215,-164.43,3.21,0.3061,4.8875
216,-203.14,26.40,0.1884,3.2760
217,-71.98,-13.10,0.2596,5.6471
218,-291.89,-53.76,0.5477,8.2118
219,-53.93,4.08,0.1890,3.3871
220,-69.58,22.29,0.1559,2.8023
221,-22.74,2.93,0.0525,0.9902
222,-303.96,12.62,0.2909,4.3075
223,-65.59,-17.21,0.2932,5.7878
224,-49.65,-8.67,0.2979,4.4255
225,39.01,2087.62,1.8014,43.0559
226,-48.72,5.71,0.3383,7.7057
227,-23.97,1.54,0.0683,1.1630
228,-88.86,7.64,0.1775,3.5977
229,-158.68,-60.73,0.4323,5.9570
230,-277.31,-91.12,0.7963,12.9038
231,-41.03,-2.60,0.0468,0.6013
232,-20.88,-8.35,0.0863,1.0587
233,-101.25,-129.36,0.5296,11.8792
234,-264.23,-69.91,0.7162,12.5657
235,-119.10,-99.56,0.8513,15.9496
236,-22.12,26.56,0.0650,1.1051
237,-195.17,-3.92,0.5603,10.0712
238,-133.83,9.50,0.3536,6.0460
239,-73.22,-17.61,0.3948,6.6803
240,-189.69,-27.12,0.5657,8.5959
241,-1.86,14.34,0.1437,2.4166
242,-71.62,22.29,0.2467,3.9302
243,-91.45,-9.08,0.4019,6.1100
244,-94.58,6.42,0.2150,3.4462
245,-119.85,-19.87,0.3003,5.5082
246,1.59,22.85,0.0943,1.7174
247,-49.83,2.78,0.2105,4.1362
248,3.54,25.58,0.1660,2.7339
249,-13.43,32.92,0.1778,3.6123
250,-74.80,-8.69,0.2231,3.4442
251,-106.21,-23.05,0.3173,5.8717
252,-47.68,-9.42,0.2181,5.1842
253,-66.91,-12.24,0.1960,4.2142
254,-263.50,-40.94,0.4388,6.7262
255,-17.71,-10.60,0.2023,3.6508
256,-221.75,-66.90,0.2358,4.2862
257,24.18,5.54,0.2205,4.7094
258,-26.28,-19.32,0.3816,7.2344
259,-36.77,-17.36,0.1899,4.0165
260,-185.42,-30.94,0.2572,2.9198
261,-101.47,-64.78,0.2758,3.9918
262,-28.31,27.11,0.2503,5.1293
263,-32.50,-9.13,0.3286,6.4967
264,-48.66,9.42,0.1601,3.1094
265,-71.63,-34.18,0.8130,16.0783
266,-87.38,0.65,0.4830,6.9783
267,-194.56,1442.89,1.2845,21.3854
268,-117.59,-30.72,0.6475,8.8595
269,-74.95,-40.64,0.2971,4.0139
270,-68.66,-5.11,0.4473,7.5771
271,-27.84,-22.38,0.2663,4.2460
272,-200.11,-7.47,0.2948,4.5844
273,-135.93,90.33,0.3787,5.5151
274,-91.41,-58.95,0.8012,12.8521
275,5.89,9.90,0.2109,4.2341
276,-2.94,-14.84,0.1307,2.0808
277,-79.74,-27.57,0.2116,3.6906
278,-20.54,-40.49,0.1376,1.6277
279,-86.11,-7.98,0.3320,6.6381
280,15.77,0.77,0.2600,5.3629
281,-30.45,34.03,0.1486,2.4341
282,-37.71,-29.12,0.3981,6.8540
283,12.11,-11.26,0.1892,2.6149
284,-68.01,-142.64,0.5725,12.8031
285,-234.26,-60.37,0.5103,8.3248
286,10.09,20.00,0.0692,0.6317
287,-99.97,-27.83,0.4566,7.2923
288,-303.29,33.74,0.2870,4.0274
289,-158.10,-36.28,0.6129,8.8815
290,-157.75,32.93,0.2969,4.2036
291,-138.82,-93.71,0.3286,3.2659
292,-118.79,91.73,0.4720,8.5878
293,-82.05,-5.87,0.2317,3.9294
294,-222.78,-4.92,0.2766,4.2410
295,-74.86,-72.46,0.4965,7.8258
296,-156.08,43.38,0.2495,2.9188
297,-162.56,14.44,0.4772,6.2093
298,16.22,11.31,0.0761,0.7887
299,-290.60,-7.10,0.2555,3.0634
300,-64.85,24.97,0.3077,5.6755
301,34.03,52.23,0.1914,2.7618
302,-133.85,17.00,0.4557,6.3422
303,-75.30,-84.83,0.3206,5.6353
304,17.18,31.21,0.3025,4.2459
305,5.60,-23.97,0.2210,3.3485
306,-171.96,-66.35,0.4340,6.4987
307,-224.40,327.47,0.5392,10.1131
308,18.27,1389.72,0.8799,10.8364
309,-61.08,-27.06,0.1200,1.8315
310,-31.76,2.20,0.1283,1.6473
311,-124.16,-37.47,0.3945,6.1995
312,-10.15,-98.12,0.3421,6.2732
313,-130.66,-79.93,0.6708,11.0134
314,1.15,-115.88,0.6378,8.5407
315,-120.46,-176.66,0.3564,6.7724
316,-32.77,-66.25,0.3520,5.0782
317,10.79,21.37,0.1381,2.1200
318,5.54,-6.88,0.1807,2.1981
319,-86.37,-27.12,0.4237,6.9286
320,-17.70,9.88,0.1307,1.9714
321,-156.11,-17.88,0.5381,7.8097
322,-24.79,-4.98,0.5058,8.1480
323,-243.88,30.93,0.6736,11.1812
324,-114.94,21.36,0.4081,6.5287
325,-44.92,44.43,0.2956,5.0413
326,-65.54,4.76,0.3851,4.6238
327,-61.30,1596.83,1.3270,17.4739
328,-5.16,1305.62,1.4191,24.1724
329,-88.90,21.03,0.7582,10.3175
330,33.27,35.92,0.2340,3.3136
331,-13.79,12.71,0.3293,5.1208
332,-26.69,-12.19,0.3371,4.2956
333,-79.34,1109.90,1.9039,33.6350
334,-196.45,34.80,0.3283,5.2064
335,-53.97,-57.67,0.2485,2.9540
336,34.00,-6.22,0.1224,1.6742
337,-6.07,762.43,0.6169,9.9654
338,-26.11,-110.40,0.3903,7.3550
339,-79.32,-207.05,0.9642,15.9047
340,-142.78,3.62,0.7215,12.0034
341,28.04,949.48,0.5819,9.7290
342,11.85,-35.16,0.1812,2.5172
343,7.22,1058.88,1.1665,24.1976
344,11.49,-36.57,0.4192,5.9186
345,-114.49,-18.54,0.2965,5.1155
346,-2.16,-103.86,0.2881,3.5271
347,-11.28,-41.74,0.0879,1.2246
348,-117.74,-71.27,0.5396,8.7349
349,-305.27,-126.39,0.7227,8.8196
350,1.27,-96.08,0.4314,5.7223
351,16.70,-31.57,0.5073,9.1186
352,-182.77,322.76,1.1835,23.9106
353,47.19,-42.42,0.1949,3.3539
354,-60.42,-40.02,0.3958,5.8248
355,4.88,-51.52,0.3555,5.9209
356,-84.18,-76.54,0.3112,4.5298
357,-24.08,-27.60,0.1733,2.2370
358,-56.86,-41.11,0.3994,7.2182
359,-176.88,107.79,0.5643,8.5941
360,-54.63,-24.39,0.5219,8.2246
361,-115.22,829.12,1.1367,17.5655
362,3.79,-3.28,0.1473,1.7835
363,-172.72,48.11,0.5627,8.6082
364,10.17,-21.75,0.3025,4.2979
365,-7.83,966.61,0.8307,12.4761
366,26.38,-18.81,0.2530,4.1824
367,-24.06,-49.50,0.6042,8.0694
368,-94.95,-63.47,0.2882,4.1228
369,-75.67,-39.88,0.3412,5.3193
370,-9.54,-84.36,0.7519,10.1997
371,-38.54,-43.26,0.2074,2.4525
372,-68.38,-41.01,0.2894,3.7169
373,-137.24,-58.91,0.3061,3.2621
374,-261.57,27.81,0.6021,7.2777
375,-142.35,848.66,1.2039,14.9221
376,-119.08,40.04,0.2049,3.0050
377,13.18,-3.96,0.2602,3.0725
378,-35.86,-11.02,0.2666,3.6843
379,-167.33,480.02,0.7468,11.2990
380,-136.61,-35.75,0.3876,5.7747
381,-3.55,17.81,0.1880,2.2169
382,-84.00,789.89,1.1097,16.8311
383,-45.93,-45.08,0.5726,7.9082
384,-11.25,877.26,0.7641,11.2235
385,-106.61,26.62,0.1605,2.1208
386,-90.41,-51.13,0.2603,3.7931
387,-179.55,85.52,0.1804,1.9240
388,-16.83,-52.59,0.3830,5.1040
389,-167.90,-101.75,0.6452,8.4473
390,11.69,-37.70,0.3963,5.6150
391,13.19,0.60,0.0679,0.6363
392,55.41,-54.51,0.1598,2.6166
393,-111.18,-88.77,0.5170,6.7346
394,-133.52,-41.53,0.1816,2.4821
395,38.33,923.37,0.9636,15.2575
396,-61.77,-50.37,0.2616,3.2997
397,-82.72,-73.63,0.2778,4.3946
398,-211.29,668.24,0.8021,10.8963
399,45.50,-4.43,0.1216,1.4142
400,-198.37,364.37,0.9726,16.9325
401,-128.97,-36.77,0.3861,4.1078
402,-44.18,7.37,0.1881,2.4091
403,44.20,-44.34,0.1702,2.2523
404,-93.99,-93.23,0.5380,7.6954
405,-21.27,-8.86,0.5669,7.2978
406,-79.41,-66.63,0.4439,6.1625
407,16.81,-38.45,0.2963,4.6325
408,-21.96,-26.54,0.1521,1.9731
409,-154.58,6.60,0.5759,7.6570
410,23.02,967.89,1.8366,34.7897
411,4.23,990.90,0.8244,10.1157
412,-8.27,-26.78,0.1972,2.1050
413,-52.47,-26.99,0.2407,3.2044
414,20.20,889.02,0.9642,11.0821
415,5.51,-31.61,0.2475,4.6571
416,-8.39,1040.30,0.8599,15.7573
417,-14.69,-28.99,0.3881,4.9518
418,-47.27,51.02,0.1392,2.2062
419,-40.19,-21.84,0.2497,2.8009
420,18.84,-25.32,0.1716,1.6299
421,-26.74,-81.32,0.5586,10.5328
422,-33.39,-68.79,0.1669,1.8955
423,-64.00,-20.54,0.1474,2.0717
424,5.05,770.41,1.1545,16.1723
425,-30.74,-90.44,0.3243,3.6509
426,-204.34,42.19,0.2768,3.1497
427,19.83,-60.62,0.3088,3.7444
428,5.02,-51.77,0.1283,1.5601
429,-106.95,-56.34,0.3151,5.2439
430,-65.78,-14.13,0.2627,3.2004
431,-92.33,-66.77,0.3777,6.1630
432,-107.73,16.96,0.3870,5.4905
433,-153.94,41.82,0.4609,7.1898
434,-67.87,-62.94,0.2196,2.8941
435,-250.33,236.55,0.6820,9.9884
436,-162.67,522.79,1.7664,24.1061
437,-101.01,-55.46,0.2898,4.6651
438,-102.50,662.21,0.8711,12.2639
439,-151.57,131.47,0.4873,6.8874
440,-135.34,-75.15,0.6159,9.1247
441,-12.20,-37.29,0.3059,5.1653
442,-258.29,12.65,0.3303,4.0823
443,-111.51,3.88,0.1305,1.2054
444,-23.17,694.61,0.5463,6.3576
445,-84.45,-65.54,0.1422,1.9211
446,38.63,-16.59,0.3023,4.5446
447,-145.84,98.69,0.3026,4.7689
448,-138.70,-33.75,0.2169,2.7403
449,-38.17,772.38,1.2001,17.7894
450,32.84,698.57,0.7697,10.3902
451,-14.07,605.63,1.4096,20.1152
452,3.09,-113.68,0.2901,2.3935
453,71.99,594.56,0.5954,7.4220
454,41.58,569.51,0.9823,18.0184
455,-19.66,-151.86,0.7622,12.0052
456,-20.82,-185.59,0.3403,4.6783
457,22.02,-65.81,0.2175,2.1777
458,-12.93,-101.11,0.2076,2.1168
459,-0.16,-59.19,0.2675,3.5062
460,20.49,-127.95,0.5543,6.7392
461,-35.36,-116.84,0.4354,7.3650
462,15.99,-36.38,0.3879,5.4079
463,45.20,606.33,0.6737,8.9822
464,34.43,547.96,1.0542,11.5465
465,5.09,510.33,1.1951,23.6296
466,34.79,-37.85,0.4395,6.0562
467,-30.21,-92.39,0.3428,4.7541
468,22.51,-12.86,0.1125,1.1337
469,-2.99,-31.17,0.2908,3.5940
470,-139.58,30.48,0.2089,3.1039
471,-118.30,68.30,0.2160,2.4979
472,-124.11,17.84,0.4298,3.9403
473,41.48,-11.67,0.2190,2.2220
474,-187.04,442.71,1.0193,13.9967
475,-16.99,-77.42,0.7048,8.3053
476,-2.11,-49.86,0.4323,5.8055
477,23.54,538.84,1.9502,23.1642
478,-13.97,507.74,1.2745,20.4677
479,-0.56,569.77,0.6781,7.2455
480,27.05,667.09,1.4936,19.0589
481,39.95,-14.00,0.1851,2.5165
482,-70.01,514.28,1.3588,22.8105
483,-16.25,141.60,0.8231,14.3071
484,-186.48,-74.46,0.3348,3.5940
485,12.25,158.45,1.2009,13.6550
486,-163.78,94.21,0.8353,10.8654
487,-84.56,222.68,1.0940,19.9897
488,-19.88,-42.56,1.2819,20.7817
489,-17.73,154.58,1.1195,16.2670
490,-73.14,-175.00,0.3718,4.6436
491,-73.81,312.15,0.8609,15.9448
492,-40.60,166.99,0.7873,10.6925
493,-200.20,-173.34,0.5230,7.7929
494,27.03,369.02,0.8265,10.7812
495,-4.66,-127.61,0.8420,13.4317
496,-206.60,-59.20,0.4210,6.6350
497,8.42,-91.93,0.3224,4.4873
498,-76.77,-92.76,0.5774,6.8110
499,-29.05,367.78,0.5797,7.1465
500,-154.61,-60.11,0.4280,4.9554
501,-302.10,-63.95,0.4651,6.8856
502,62.88,-70.63,0.3523,4.3832
503,19.45,-94.90,0.3195,3.8893
504,-115.85,-36.13,0.2236,2.2785
505,-66.58,497.30,1.9416,32.7603
506,50.83,445.44,1.1592,12.9632
507,96.79,532.78,1.0690,12.5624
508,24.88,606.31,0.7308,11.0475
509,77.08,-118.27,0.2927,4.6049
510,-64.95,-82.04,0.5065,5.1563
511,-34.74,-59.81,0.2678,4.2963
512,-66.86,-91.42,0.3844,4.6831
513,32.17,-94.90,0.2737,3.9132
514,-8.15,-58.32,0.3039,3.5108
515,-11.83,-66.50,0.3108,3.5351
516,-19.43,-31.64,0.4203,4.6149
517,70.89,833.48,0.7202,10.6910
518,-1.94,-17.20,0.2504,3.8960
519,-27.76,-102.17,0.3392,3.8932
520,46.12,-61.65,0.2219,2.9492
521,10.20,-43.50,0.3042,3.3787
522,37.09,-4.69,0.2929,3.6560
523,-10.00,-4.52,0.3542,4.6503
524,84.93,896.88,1.0898,14.1511
525,-47.94,-26.40,0.1930,2.3812
526,33.78,-17.66,0.2189,3.4248
527,-6.21,-22.21,0.2955,4.4632
528,-38.46,-33.79,0.3827,5.5070
529,42.19,-20.08,0.3343,4.9961
530,47.07,-15.22,0.3797,5.9102
531,19.54,780.27,2.2352,32.1089
532,-54.04,621.44,0.9910,13.7716
533,60.30,-14.44,0.2090,3.5600
534,-48.11,-1.22,0.2657,3.2842
535,-22.63,-12.73,0.1196,1.5742
536,52.90,476.35,0.6866,10.5105
537,51.96,642.59,0.8809,10.8935
538,-4.98,466.38,0.7516,10.7728
539,56.77,424.04,0.9912,16.4380
540,1.38,482.49,1.1930,15.3413
541,37.60,447.65,1.1222,16.2867
542,-53.36,-122.85,0.8918,13.5341
543,7.84,717.40,1.6306,20.4419
544,22.80,321.38,0.8016,13.6312
545,7.60,635.87,1.0465,12.2225
546,-42.13,389.09,1.9368,27.5654
547,8.99,207.41,0.5441,5.0962
548,62.92,105.87,0.4703,6.2861
549,-17.56,63.92,0.7437,13.1494
550,-8.40,-269.22,0.6508,8.4508
551,44.28,112.35,0.5686,7.1105
552,-114.93,-227.70,1.2972,22.3859
553,-55.08,7.28,1.2131,17.4541
554,23.64,61.50,1.1056,13.5163
555,-109.76,-287.37,1.1299,12.6954
556,-270.69,-83.38,0.5734,5.4886
557,-0.30,110.82,0.6639,8.0850
558,16.90,158.57,0.8760,8.4367
559,32.12,29.38,0.6993,9.6210
560,45.56,86.85,0.7584,11.2841
561,93.72,281.19,1.2848,18.3140
562,39.03,463.27,1.5055,26.1065
563,-0.07,-117.75,0.2805,3.4573
564,86.49,302.88,0.5835,6.6199
565,22.12,365.72,1.0266,17.3720
566,42.28,-126.96,0.4316,6.3827
567,-20.67,-142.46,0.4447,6.5878
568,-23.72,-139.17,0.3625,4.2040
569,14.37,-87.90,0.4350,4.7319
570,-22.66,-109.62,0.4905,5.5206
571,0.34,-156.45,0.4806,7.1596
572,-48.39,-65.89,0.2338,3.0078
573,54.88,-43.16,0.1727,2.0657
574,-99.32,-83.50,0.7357,9.1821
575,110.37,721.41,0.7905,8.8553
576,-43.65,-49.09,0.3219,4.1267
577,-60.90,-44.11,0.3766,5.7343
578,-13.70,-1.61,0.0737,1.4552
579,31.16,-25.93,0.3501,4.9742
580,36.62,-45.05,0.2323,2.7162
581,4.41,-32.26,0.3976,5.6359
582,-49.97,-16.55,0.4622,7.1737
583,8.41,2.65,0.2526,3.2814
584,-5.55,28.71,0.2354,3.1500
585,-4.70,21.29,0.2781,3.6940
586,44.25,1108.62,1.1385,15.3449
587,8.13,-4.49,0.4376,4.9395
588,24.11,6.47,0.2171,2.6718
589,16.74,-1.86,0.2675,3.7299
590,106.66,989.36,0.7775,7.4309
591,-39.19,0.67,0.2118,2.3076
592,39.73,-28.03,0.1617,1.7187
593,36.58,-7.05,0.2845,3.5253
594,-3.91,-18.37,0.2186,2.8493
595,-48.44,-15.21,0.1347,1.8174
596,-13.27,-15.47,0.2110,2.2940
597,115.23,909.31,1.7528,28.2358
598,-12.20,-17.81,0.2421,3.0454
599,-20.41,-50.23,0.1520,1.6104
600,9.41,-51.92,0.3057,4.6792
601,-15.47,-107.77,0.5274,7.2506
602,-9.19,-21.61,0.2443,3.3215
603,-1.00,-25.55,0.2234,2.8396
604,62.29,756.12,0.3563,4.1604
605,-45.41,698.03,1.5984,21.9107
606,25.70,-57.68,0.2072,2.8944
607,39.49,713.51,0.9366,13.4950
608,-17.46,-73.27,0.4319,4.6372
609,37.73,-11.60,0.2195,2.9890
610,-42.73,-95.57,0.2398,2.9187
611,9.48,-73.77,0.4737,6.5787
612,20.25,-110.74,0.4687,7.3532
613,119.30,663.40,1.1958,16.0516
614,43.03,648.47,0.7654,11.8442
615,71.62,555.67,1.1168,15.3455
616,5.88,633.28,1.4085,19.9214
617,133.14,572.47,0.8583,11.1248
618,28.82,-97.59,0.4042,4.8423
619,62.95,353.05,0.9084,15.0922
620,138.99,470.85,1.5761,20.0731
621,98.60,345.10,0.6353,8.9551
622,-18.33,274.83,0.6222,8.0311
623,98.94,179.03,0.4123,5.8089
624,5.03,276.14,1.3599,15.0017
625,64.15,167.57,0.5004,6.0543
626,45.77,294.88,0.8181,10.4097
627,18.25,-144.95,0.4286,6.9720
628,106.33,185.43,1.1171,19.0310
629,9.22,-178.40,0.4954,5.0554
630,42.20,351.74,0.9241,9.2938
631,14.73,-226.94,0.4483,6.2354
632,-75.28,-201.34,0.6030,8.1703
633,29.73,13.18,1.4894,26.3315
634,21.34,-111.97,0.7092,9.5958
635,-5.15,-161.28,0.3285,3.4382
636,54.67,312.29,0.5572,8.6073
637,-5.00,338.00,0.6421,7.0419
638,96.82,316.98,0.8554,10.7034
639,-164.34,-33.01,0.2916,3.5824
640,24.36,374.51,1.3132,16.5848
641,103.83,292.74,1.1267,17.7730
642,34.10,-124.98,0.4515,5.5865
643,120.66,433.34,1.0165,15.5628
644,101.03,359.70,1.0028,14.7612
645,11.39,-87.08,0.2595,3.7599
646,45.62,432.73,1.4786,19.1639
647,94.95,404.32,0.8612,13.5809
648,40.37,-96.66,0.2290,3.6303
649,37.98,-99.64,0.1360,1.2737
650,4.97,-147.77,0.4312,5.0648
651,-43.57,-133.85,0.5152,6.3998
652,5.42,-110.01,0.3510,5.3067
653,58.19,-82.95,0.3260,4.3395
654,85.57,451.01,0.7350,7.7256
655,-17.03,-99.22,0.2969,5.3953
656,10.28,-68.18,0.1575,1.9865
657,10.35,-41.81,0.1866,2.8534
658,-16.07,-76.59,0.2459,2.4160
659,123.47,639.22,1.0398,15.6298
660,-4.97,-23.01,0.2125,2.7916
661,-7.55,-20.30,0.4637,5.4017
662,21.25,-7.51,0.1593,1.6866
663,-52.19,-12.99,0.1693,1.5417
664,4.81,-9.22,0.2066,2.4411
665,36.38,0.53,0.3524,4.3899
666,44.41,-4.63,0.3996,3.6905
667,21.23,-2.62,0.2283,2.7840
668,-40.08,-23.45,0.3904,4.2745
669,139.56,747.82,1.5276,20.3645
670,168.59,915.78,2.0314,31.6081
671,61.53,-26.50,0.1697,2.5101
672,-8.08,-15.60,0.2638,2.8001
673,-8.52,7.06,0.2330,3.2619
674,10.55,-6.27,0.1822,2.6090
675,47.65,-35.13,0.1348,1.9167
676,133.60,716.69,0.9805,13.5917
677,124.64,787.37,0.5808,6.5609
678,142.92,661.18,0.9088,13.6437
679,63.69,710.63,0.6554,8.2685
680,56.98,-44.47,0.1781,2.1093
681,125.70,566.38,2.3829,28.5948
682,48.25,-33.30,0.2260,3.4639
683,56.85,503.93,1.1004,18.7484
684,-12.68,-80.02,0.3226,4.3673
685,11.57,-56.46,0.3204,3.9991
686,32.10,-109.41,0.3833,5.0903
687,-22.57,-70.34,0.2318,2.8220
688,0.56,-95.49,0.2820,2.9274
689,-132.37,-24.48,0.3811,6.0621
690,0.40,-75.87,0.3198,4.1586
691,69.09,356.40,1.0983,13.9717
692,139.48,381.07,0.8756,9.8833
693,103.08,262.00,0.7383,7.3122
694,98.25,348.89,0.8125,11.5297
695,27.32,-56.11,0.4006,5.3275
696,22.04,-86.66,0.2859,3.3349
697,38.39,-104.69,0.3088,3.3425
698,-11.90,-63.16,0.1311,1.7423
699,-10.89,-78.91,0.3483,4.8724
700,89.17,464.70,1.1039,12.3299
701,74.73,451.41,0.5231,6.1264
702,134.61,446.32,0.6896,8.6910
703,-31.15,-85.04,0.4190,5.2505
704,103.84,419.29,0.7743,11.4788
705,-11.58,-63.30,0.4239,5.8713
706,109.01,428.84,1.0368,12.4216
707,120.06,355.34,1.0879,11.8722
708,43.07,398.30,0.8464,10.9479
709,-28.93,274.93,1.3785,17.5054
710,111.84,342.53,1.1770,16.7193
711,10.73,-100.65,0.1754,3.3914
712,93.88,321.05,1.2275,18.6240
713,-112.29,-73.61,0.7291,10.4643
714,-58.80,92.70,1.0065,8.5042
715,92.45,177.12,0.7602,7.7456
716,30.24,-152.81,0.5999,6.6059
717,10.95,-130.39,0.3767,4.0795
718,-26.68,-10.01,1.2419,15.4015
719,76.57,316.80,1.9742,23.0639
720,-22.64,85.01,0.7642,9.0535
721,-180.46,-152.73,0.5299,6.8846
722,16.28,106.42,1.2339,15.9539
723,120.72,392.17,1.2415,15.0000
724,-42.10,209.83,0.6854,7.3676
725,58.95,218.64,0.4616,7.4122
726,55.78,268.53,0.5922,7.5540
727,77.19,249.01,0.7751,11.4265
728,-18.49,-153.02,0.3676,4.8525
729,-0.36,-89.72,0.3448,5.1070
730,92.33,265.72,0.7686,12.0050
731,121.63,324.91,0.6395,8.8906
732,24.50,-238.35,0.4615,6.6678
733,109.64,237.95,0.5186,8.2062
734,110.56,-104.53,3.3678,42.6250
735,12.93,-238.56,0.8229,10.4488
736,89.07,400.68,0.7725,12.7492
737,-94.41,-69.54,0.3355,4.1066
738,135.32,387.13,0.6762,8.5532
739,140.49,423.62,1.3037,17.4053
740,5.35,-146.62,0.4088,5.9645
741,19.45,-91.93,0.6340,7.9872
742,21.37,-60.40,0.2222,2.7927
743,129.71,389.99,0.3990,4.0473
744,111.25,494.27,0.5950,9.3335
745,132.00,403.72,1.8081,22.3269
746,-36.99,-27.82,0.2976,4.3313
747,16.27,-56.89,0.2300,2.9346
748,29.21,-78.98,0.3433,3.3211
749,48.05,-63.92,0.6550,8.6192
750,30.25,-39.61,0.3009,3.7774
751,-36.88,-41.15,0.3301,5.0140
752,-32.96,-64.89,0.3228,4.2003
753,106.89,500.27,1.2046,17.7296
754,103.31,493.86,2.0899,23.6287
755,-21.41,-53.19,0.3909,6.2051
756,140.47,431.69,0.8925,11.4943
757,9.12,-90.87,0.4456,6.0994
758,125.31,423.16,1.2277,15.5365
759,67.31,-54.56,0.3327,4.1941
760,59.64,477.51,1.8526,30.5258
761,26.02,-74.91,0.3538,4.2033
762,92.66,437.05,1.3583,15.7567
763,111.56,470.13,0.3787,6.6035
764,-20.24,-73.77,0.3519,4.8788
765,112.66,405.13,1.6471,18.1527
766,127.88,330.40,1.8730,26.0032
767,107.46,318.85,1.0917,10.4374
768,24.46,-38.11,0.1520,1.5808
769,155.95,388.16,0.4225,4.4955
770,140.18,294.83,0.4306,5.7347
771,-39.29,-57.47,0.2651,3.8593
772,5.11,-98.40,0.5199,10.0120
773,116.22,274.48,1.4824,15.8813
774,129.44,358.94,1.2383,14.4841
775,19.27,-146.87,0.4927,5.5517
776,37.21,-75.09,0.5922,5.2666
777,114.49,317.44,1.4330,17.0659
778,111.79,295.92,0.8277,11.9161
779,102.70,289.37,0.7491,9.8481
780,75.26,279.87,1.8529,22.2767
781,193.89,28.93,0.3397,4.3741
782,9.60,-143.81,0.6511,9.3906
783,16.27,-155.20,0.6202,7.2666
784,-16.30,-126.53,0.3604,4.0055
785,118.96,247.51,1.3751,19.6575
786,67.37,201.15,0.5775,9.7607
787,117.35,257.92,1.2520,15.5442
788,68.26,193.00,1.3876,15.5953
789,76.56,197.99,0.7473,8.6075
790,142.40,270.38,0.7026,7.8694
791,139.28,265.82,0.8641,12.0288
792,126.02,230.70,1.0797,13.0369
793,116.00,219.52,0.7530,10.5220
794,-87.51,-124.52,0.3827,4.9588
795,106.17,214.70,0.8404,14.6895
796,95.59,182.40,0.8588,12.0560
797,1.77,-199.30,0.4691,5.5992
798,98.93,246.15,1.1117,14.3890
799,118.11,214.29,0.4254,4.7880
800,-60.14,-192.02,0.9409,13.0280
801,153.03,306.41,0.4358,5.3693
802,-27.08,-194.77,0.8406,10.7646
803,49.48,-170.20,0.4109,6.4447
804,94.26,178.39,1.5277,22.9280
805,88.27,240.11,0.4856,7.2914
806,84.45,236.63,0.4926,8.1767
807,75.76,343.39,1.0870,15.9370
808,-4.49,165.24,1.1643,15.9796
809,98.40,229.26,0.8518,15.3392
810,48.65,354.86,0.7792,8.8136
811,80.38,337.34,1.3801,18.7951
812,75.75,150.54,0.6749,11.1164
813,143.53,353.59,1.0260,13.6201
814,121.33,308.11,0.6726,8.9727
815,145.17,110.01,1.1157,14.6057
816,87.24,289.41,0.7095,10.5398
817,28.80,-225.49,0.5157,6.7585
818,111.80,210.02,0.7506,13.9225
819,165.78,269.69,1.2002,12.0853
820,168.92,220.38,1.0349,17.0463
821,141.22,122.70,0.4682,6.3126
822,-6.56,-127.50,0.5301,5.8155
823,130.78,95.06,1.0063,15.7917
824,127.77,178.06,0.7237,8.2538
825,13.85,-213.99,0.5485,5.6724
826,-35.68,-220.16,0.2758,3.3619
827,25.67,-232.19,0.7459,10.0183
828,66.81,46.38,0.5412,6.5318
829,126.80,144.26,0.9537,13.9023
830,28.59,-84.51,0.3048,5.7016
831,44.16,-152.80,0.4142,4.7106
832,158.69,292.75,0.7500,8.5243
833,186.15,310.09,1.0417,14.9775
834,38.73,-169.21,0.8222,11.5424
835,130.00,351.68,1.0213,12.9760
836,116.47,299.46,1.3752,15.7778
837,55.94,-68.51,0.5139,7.8720
838,-17.35,-90.01,0.3106,4.4133
839,-73.21,-63.93,0.2870,3.8353
840,0.30,-96.25,0.5048,5.2592
841,48.13,365.84,0.6398,8.6825
842,58.53,-110.90,0.3698,5.1960
843,3.89,-42.28,0.2859,5.0601
844,99.74,535.12,1.3704,19.5050
845,-30.73,321.25,0.6030,9.1102
846,175.40,568.70,0.9138,11.1308
847,156.44,553.62,1.0026,17.0174
848,71.51,437.71,1.1577,18.6284
849,64.63,-41.46,0.3707,4.3370
850,-28.83,-48.87,0.1967,2.4528
851,-46.59,-41.51,0.2550,4.5676
852,-31.33,-86.12,0.4363,5.2333
853,120.73,358.43,0.9485,14.1793
854,165.96,334.98,0.4858,6.5306
855,105.72,237.76,1.0487,12.4584
856,-45.08,-59.28,0.3364,5.3320
857,-30.74,-60.52,0.2779,4.3316
858,-69.11,-49.94,0.2446,2.4237
859,61.16,176.47,0.8162,11.5248
860,94.24,258.71,0.8308,11.0426
861,147.48,300.48,2.3512,26.8944
862,76.82,206.79,1.0957,13.7298
863,133.94,202.12,0.7831,9.7419
864,137.85,311.76,0.6839,11.1144
865,-3.07,-82.51,0.6406,11.1301
866,90.51,172.20,0.7064,7.4050
867,129.93,323.33,1.1821,19.0650
868,138.79,308.75,1.5315,25.6629
869,-152.96,-45.97,0.2549,3.8904
870,57.75,218.39,1.1683,16.9725
871,97.83,233.37,0.6044,8.6398
872,132.55,144.26,1.2836,17.3635
873,-16.68,-101.47,0.2842,3.5550
874,131.80,166.86,0.5506,8.0810
875,95.28,161.63,0.7950,11.0014
876,98.26,104.72,0.7658,8.4584
877,34.16,-242.41,0.9307,12.6138
878,68.49,186.37,0.8772,10.6193
879,132.70,163.40,1.0895,15.0590
880,110.96,236.01,0.7309,9.8985
881,117.37,171.76,0.5088,5.3134
882,144.03,240.03,0.5630,7.7077
883,68.61,-136.35,0.5781,5.2517
884,74.36,57.55,1.1560,19.3925
885,111.64,85.37,0.6347,10.4770
886,-39.72,135.47,1.5206,20.2594
887,115.43,31.02,0.2705,2.9544
888,120.02,189.93,1.4734,25.0428
889,11.47,22.11,0.4435,5.0274
890,90.90,138.89,0.3802,5.3790
891,127.18,147.86,0.3884,7.0608
892,141.22,144.25,0.6463,11.0269
893,136.40,288.20,0.6329,7.6222
894,-0.62,-229.20,0.6281,8.1372
895,137.12,209.80,0.5508,6.7732
896,117.98,216.07,0.4844,5.6282
897,121.05,198.42,0.4196,4.6185
898,131.52,25.03,0.4927,6.3322
899,135.89,260.10,0.7143,8.1634
900,-32.73,-199.73,1.2080,19.2251
901,89.37,66.68,1.2813,17.3134
902,9.72,-255.46,0.7031,11.4382
903,85.51,39.60,0.5689,7.8285
904,30.17,-251.41,0.3151,4.7274
905,155.21,280.57,0.5922,7.2121
906,7.66,-215.70,1.4181,20.7082
907,91.44,205.74,0.5470,6.8356
908,31.35,-60.76,0.6806,7.4546
909,247.73,70.76,1.2365,17.8447
910,59.14,150.33,1.0857,10.7726
911,84.06,248.79,1.2109,17.2961
912,176.27,354.05,1.3737,18.8413
913,-23.01,-152.62,0.3690,3.6039
914,120.88,162.71,1.0305,12.6732
915,4.43,85.25,1.4533,16.8205
916,164.89,341.77,0.8762,10.3753
917,-9.97,-168.25,0.3802,4.9940
918,133.98,175.15,0.7097,10.4648
919,97.89,260.04,0.9469,10.5121
920,127.01,267.17,1.5754,24.2860
921,63.95,-70.04,0.4908,5.4431
922,-21.89,-104.63,0.4703,5.4080
923,171.88,366.73,0.5370,7.2859
924,52.33,-50.30,0.2231,2.4535
925,-4.02,-85.91,0.5029,7.5975
926,7.86,-83.44,0.6421,10.2116
927,117.49,247.03,0.4126,4.6613
928,105.32,250.99,1.6502,18.8501
929,82.47,322.79,1.5696,15.8829
930,57.04,-24.68,0.3566,4.6836
931,123.67,446.33,0.8732,9.9801
932,-21.01,-66.02,0.3345,3.8592
933,-29.14,-58.22,0.3040,4.0264
934,173.93,398.40,1.8484,23.8952
935,12.51,-52.50,0.3521,5.8962
936,47.36,-28.68,0.1373,1.8026
937,-37.70,-80.70,0.7363,9.3870
938,198.02,448.73,0.8403,11.0165
939,47.36,-43.81,0.5208,6.0756
940,4.73,-50.39,0.3237,4.1140
941,78.55,287.86,0.4328,6.2498
942,71.23,-16.67,0.2758,3.4926
943,-151.16,-14.15,0.5502,5.2319
944,165.29,496.29,1.7836,24.3665
945,128.87,470.11,1.6043,25.2222
946,47.46,-24.85,0.2535,2.6141
947,128.41,391.37,1.8274,23.3320
948,76.07,-29.65,0.2580,3.6665
949,59.39,-40.42,0.3007,4.0370
950,-9.64,-25.07,0.3528,3.7497
951,76.88,455.73,2.3693,32.5608
952,-6.49,-41.51,0.3796,5.4182
953,-62.07,-69.58,0.3815,4.5397
954,37.32,-54.64,0.2750,3.1446
955,-8.03,-66.32,0.4443,7.6540
956,137.63,382.84,0.6834,6.9309
957,153.63,502.43,1.1487,16.5713
958,-39.07,-88.89,0.4844,5.9017
959,125.30,428.48,1.0400,10.7855
960,143.38,403.07,1.3030,13.9587
961,24.27,-61.56,0.5867,9.0107
962,42.13,-78.46,0.2326,3.0409
963,195.85,348.49,1.2288,19.1708
964,21.59,-47.23,0.4310,5.1468
965,8.40,-32.05,0.2579,3.7735
966,16.11,-51.93,0.4226,6.0508
967,69.48,-24.40,0.2526,2.3429
968,135.45,284.63,2.2033,29.9951
969,-10.81,-36.57,0.3157,3.3241
970,167.92,406.69,1.7898,27.0025
971,223.41,107.95,1.3032,17.7936
972,-34.46,-26.41,0.1064,2.3279
973,-6.53,-43.63,0.2728,3.2964
974,120.91,362.10,1.4567,27.5051
975,-22.91,-54.27,0.1516,1.9549
976,-148.54,199.47,1.3925,15.6792
977,38.30,-21.59,0.1292,1.4643
978,168.44,341.12,0.5740,13.0544
979,165.73,310.36,1.3780,23.8461
980,-6.56,-34.52,0.5312,6.4313
981,28.06,-65.32,0.5441,7.1459
982,177.11,341.15,1.1134,13.9925
983,167.60,218.44,1.7826,24.0733
984,122.78,196.66,1.9505,21.7575
985,189.49,270.80,1.4142,18.4156
986,50.93,-84.54,0.4661,5.2993
987,129.57,312.93,1.2273,18.0301
988,90.77,326.62,0.9125,13.8792
989,132.85,289.43,0.9729,13.5596
990,20.02,-84.40,0.2362,2.9482
991,137.24,192.47,1.0278,13.6872
992,150.74,216.83,0.8558,13.2348
993,114.70,254.30,0.3715,6.0164
994,134.42,181.17,1.8410,27.9584
995,150.88,249.07,1.3866,17.8986
996,19.48,-79.00,0.4138,5.3080
997,5.24,-88.78,0.2292,3.0511
998,94.13,-54.61,1.0243,13.7437
999,44.53,47.63,1.0469,16.1452
1000,91.61,136.15,0.5931,6.6729
1001,143.51,234.10,0.9912,12.1938
1002,95.27,178.20,0.5219,8.8170
1003,78.61,128.51,1.8460,20.7055
1004,115.46,215.45,0.8038,12.0933
1005,122.82,72.04,2.2720,35.4935
1006,144.31,87.73,0.6373,8.7173
1007,112.78,219.87,0.6563,11.4007
1008,136.51,321.97,0.4175,6.4710
1009,89.81,266.60,0.8946,13.4359
1010,47.71,101.54,0.9802,14.2994
1011,107.05,98.66,0.5648,8.3727
1012,111.34,243.57,0.4458,6.6498
1013,11.39,-181.02,0.6553,10.7971
1014,130.79,210.66,0.3247,5.1400
1015,112.98,180.70,0.7979,11.6308
1016,122.66,96.48,0.6938,9.5165
1017,118.83,242.97,0.6329,8.8619
1018,114.51,198.74,0.6797,10.0726
1019,116.66,142.07,0.5082,6.3457
1020,136.10,191.30,0.7579,12.0740
1021,122.39,79.83,0.9173,15.0744
1022,-7.28,-198.76,0.4712,7.9068
1023,130.66,151.53,0.5877,10.4016
1024,147.52,174.80,0.4388,5.3990
1025,19.97,-183.73,0.7513,10.2386
1026,128.18,55.36,0.6736,10.4365
1027,142.80,142.74,0.8821,10.0673
1028,146.61,235.38,0.5659,12.9217
1029,147.49,154.53,0.9148,12.0759
1030,135.10,188.11,0.3913,5.2928
1031,177.49,48.52,0.8101,11.5929
1032,113.53,195.52,0.5066,7.5122
1033,182.69,181.54,0.5187,7.3259
1034,70.60,-121.71,1.1688,14.3171
1035,18.09,-244.55,0.6452,7.5248
1036,134.74,103.06,0.3965,5.2989
1037,-16.79,-271.54,0.4483,5.4696
1038,8.81,-275.21,0.7941,9.8807
1039,43.35,60.28,0.8421,11.5816
1040,5.79,-81.43,0.8770,13.4617
1041,128.86,312.09,0.6930,10.8161
1042,14.68,-136.71,0.6811,8.1676
1043,123.08,347.80,1.2509,17.6917
1044,202.43,405.21,1.7131,18.2024
1045,122.17,367.41,1.2830,15.9038
1046,124.81,332.34,1.6265,24.0136
1047,158.11,353.15,1.0537,16.2975
1048,129.30,362.32,1.5439,18.2205
1049,124.83,286.24,1.0202,14.9864
1050,118.62,252.07,1.5247,23.7072
1051,-14.12,-106.67,0.6356,10.8759
1052,151.50,207.04,2.3037,30.7899
1053,99.00,99.78,0.8152,8.7481
1054,143.13,262.50,0.5043,6.2221
1055,12.78,-102.64,0.6043,6.3892
1056,-0.09,-139.90,0.4399,7.7968
1057,137.67,248.76,1.2548,18.9754
1058,152.76,262.78,1.7378,24.7374
1059,147.92,215.67,1.3881,16.5679
1060,139.57,235.58,0.5494,6.6327
1061,124.52,282.06,1.0119,15.8643
1062,152.21,259.73,0.4538,4.4536
1063,130.12,11.91,0.8680,12.6291
1064,-134.93,38.78,1.1699,13.4789
1065,102.61,263.13,1.2622,15.6183
1066,141.39,231.97,0.9015,11.2905
1067,163.11,283.61,1.0182,11.4731
1068,8.80,-105.64,0.7429,11.3636
1069,-5.08,-92.08,0.3917,5.0131
1070,116.08,266.12,1.0875,14.4493
1071,102.56,280.77,0.8393,11.5959
1072,159.90,275.42,0.8447,12.5123
1073,135.76,166.65,1.2873,22.1392
1074,162.25,206.37,0.7916,9.0809
1075,126.02,222.48,0.8035,10.7875
1076,34.30,-195.51,0.3439,3.8676
1077,11.25,-197.33,0.9073,16.5007
1078,-39.98,-215.93,0.6277,9.2798
1079,120.39,179.30,0.3456,3.8276
1080,112.61,174.83,0.5808,9.3723
1081,117.71,30.71,0.6344,6.3992
1082,13.45,-208.49,1.2268,19.2763
1083,154.74,-7.78,1.1282,14.0189
1084,115.98,230.13,0.4445,4.4340
1085,80.75,45.85,2.1295,34.1204
1086,133.94,118.79,0.9278,11.7115
1087,128.56,278.62,1.3865,18.6497
1088,-63.49,-277.11,0.7507,9.2529
1089,121.08,102.81,0.5352,8.4200
1090,113.33,144.51,0.7239,11.7836
1091,100.43,250.64,1.0264,18.5864
1092,94.59,137.32,0.3689,6.0345
1093,28.13,-56.03,1.5865,17.0782
1094,134.35,128.50,0.7997,9.5057
1095,112.52,119.36,0.7085,7.5422
1096,111.13,222.19,0.9732,20.7980
1097,162.54,174.74,0.8023,12.8019
1098,-6.13,-258.77,0.8595,10.2152
1099,144.62,186.17,0.5983,9.0289
1100,5.71,-136.04,0.3910,6.1787
1101,170.20,253.14,1.3608,19.5363
1102,127.71,212.05,0.5692,7.5247
1103,164.34,261.47,1.5169,22.8794
1104,122.62,148.93,0.9339,16.3010
1105,105.60,190.30,0.6937,11.4258
1106,149.58,237.92,0.9940,13.4150
1107,119.84,135.47,0.6161,7.5848
1108,135.40,210.38,1.1157,18.1695
1109,139.65,91.58,0.7002,10.5398
1110,122.55,139.98,0.6619,11.0080
1111,155.71,181.09,1.2608,15.4442
1112,135.14,68.23,0.6456,8.2572
1113,152.62,63.45,0.6545,7.9173
1114,87.12,135.11,0.3575,4.5396
1115,101.50,113.52,0.4789,6.7807
1116,122.54,79.09,0.5118,6.5439
1117,166.65,25.13,0.8019,8.8852
1118,1.05,-179.32,0.5848,7.5731
1119,101.67,130.04,0.3941,5.8318
1120,112.14,56.97,0.4778,5.4556
1121,110.10,122.86,0.8180,14.3453
1122,140.74,120.02,0.5261,6.0057
1123,134.01,170.76,0.5075,6.3732
1124,132.56,181.88,0.8424,11.8355
1125,109.22,109.56,0.6587,11.9909
1126,125.08,-50.80,0.7921,12.6706
1127,116.43,210.40,1.7790,28.9488
1128,105.36,80.86,0.4776,5.6376
1129,107.79,48.31,0.7062,11.2057
1130,-35.89,-253.69,0.3671,5.7689
1131,110.41,186.96,0.9756,14.0261
1132,147.36,96.20,0.7198,9.2131
1133,19.38,-270.41,0.7399,14.9345
1134,133.68,159.84,0.1855,2.2321
1135,-0.36,-297.35,0.4171,5.5608
1136,221.30,-234.07,2.1073,33.1093
1137,159.23,-230.89,2.6614,36.2125
1138,154.19,228.87,0.6558,8.1318
1139,1.11,-141.86,0.4587,7.0564
1140,175.65,223.76,1.0745,13.3028
1141,146.57,177.23,1.1272,14.9010
1142,125.94,135.65,0.7855,8.8867
1143,-28.69,-234.47,0.2783,5.5587
1144,165.52,185.80,1.1179,17.0220
1145,289.40,-52.38,1.1317,21.6414
1146,132.28,214.29,0.8285,13.4972
1147,122.76,192.44,1.2720,20.5566
1148,142.03,219.58,1.6757,22.0415
1149,149.79,161.48,0.7736,8.6913
1150,128.47,178.61,2.6816,38.6452
1151,122.35,174.13,1.1678,18.5543
1152,50.93,-145.41,0.5229,7.8265
1153,133.04,208.30,0.6267,11.1646
1154,15.93,-111.01,0.5172,7.5852
1155,231.42,-82.54,1.0550,12.0405
1156,-14.40,-71.47,0.4695,7.9485
1157,165.35,247.84,0.8845,11.3226
1158,89.11,313.75,0.9070,15.5411
1159,111.43,195.85,1.1166,14.7680
1160,221.03,136.76,1.5963,27.1619
1161,122.83,316.58,1.2957,16.0856
1162,37.79,-98.31,0.6680,8.2423
1163,140.96,272.62,0.7567,10.0626
1164,62.43,-31.82,0.7136,13.0253
1165,284.84,-49.93,0.4051,4.2179
1166,149.33,177.04,0.7127,9.6571
1167,11.20,-164.45,0.7377,9.8274
1168,281.79,-102.30,1.1993,17.3947
1169,151.54,292.67,0.5791,7.7815
1170,253.50,61.11,0.9870,16.7193
1171,263.38,-88.22,0.7972,8.9106
1172,205.44,-144.45,2.0286,27.5084
1173,247.29,-8.94,0.7236,10.3273
1174,219.67,-65.83,0.8017,12.0456
1175,22.93,-102.05,0.4284,6.2837
1176,219.28,-210.90,0.5969,7.2287
1177,40.33,-116.53,0.3747,8.4211
1178,31.76,-146.03,0.4319,7.0398
1179,103.94,211.89,0.5905,7.4927
1180,287.50,-32.37,0.6461,8.8862
1181,237.41,-74.00,0.9098,13.3337
1182,28.56,-64.85,0.4440,6.0348
1183,257.53,61.62,1.4623,20.9493
1184,34.63,-66.21,0.4216,6.7132
1185,247.41,12.66,0.7488,12.4791
1186,258.68,63.89,0.6012,8.7697
1187,265.79,27.26,0.3991,4.6993
1188,-2.83,-78.91,0.2333,2.6164
1189,264.50,17.08,0.6072,10.0211
1190,59.73,-40.80,0.2261,2.4635
1191,245.30,46.10,0.4734,7.2095
1192,5.68,-56.43,0.3482,5.1680
1193,252.75,47.75,0.3879,6.0520
1194,249.79,63.72,0.4904,6.1716
1195,-16.55,-53.14,0.2419,3.5536
1196,3.33,-57.64,0.3409,5.5459
1197,32.63,-57.57,0.2122,2.9526
1198,32.26,-39.90,0.4244,7.0263
1199,44.50,-11.87,0.3004,3.8670
1200,245.40,33.94,0.6378,10.3239
1201,252.38,50.09,0.5746,9.6175
1202,234.35,37.62,0.3670,6.4147
1203,-60.47,8.95,0.5332,6.1178
1204,51.51,-5.77,0.2898,4.6762
1205,263.54,48.13,0.5786,10.2566
1206,274.40,63.62,0.3348,3.1943
1207,21.13,-23.96,0.1776,2.8585
1208,-6.12,-48.35,0.3397,7.0464
1209,1.56,-33.41,0.6960,11.4595
1210,183.93,208.43,1.1137,15.7504
1211,293.69,13.57,0.6044,8.1534
1212,29.39,-52.31,0.1493,2.6576
1213,46.83,-45.88,0.2234,2.0204
1214,259.42,59.23,0.4983,7.0716
1215,267.65,40.45,0.4946,6.0705
1216,45.52,-66.47,0.4642,7.8646
1217,59.35,-34.54,0.2641,4.6386
1218,35.85,-23.84,0.1968,3.1364
1219,214.36,3.81,0.3467,5.6157
1220,11.86,-80.11,0.5693,9.3839
1221,35.83,-40.19,0.2816,3.5215
1222,23.31,-43.79,0.1403,2.2496
1223,275.79,75.58,0.7242,10.8699
1224,245.77,-6.10,0.8983,13.6672
1225,-1.91,-42.17,0.3319,5.3811
1226,321.52,13.23,1.1288,12.8312
1227,296.46,53.84,0.7559,8.1729
1228,-31.54,-35.84,0.2693,3.3599
1229,8.28,-109.72,0.7966,12.1271
1230,18.24,-57.88,0.6144,10.5049
1231,29.76,-56.15,0.1370,1.5654
1232,27.62,-21.24,0.3091,5.6186
1233,55.85,-47.04,0.5485,6.5177
1234,-23.30,-56.28,0.3093,4.9959
1235,-17.63,-24.04,0.0972,1.3876
1236,7.00,-35.12,0.1556,1.5915
1237,212.24,-8.79,1.0399,17.0620
1238,13.40,-41.23,0.1578,3.0086
1239,258.43,96.92,0.9936,12.3477
1240,17.25,-6.52,0.2637,4.5177
1241,249.71,72.97,0.4194,5.0791
1242,241.42,31.90,0.6461,9.4519
1243,265.22,83.33,0.3979,4.2967
1244,53.12,-1.73,0.1171,2.0476
1245,255.49,46.09,0.1994,2.1113
1246,31.18,-3.32,0.1933,2.8651
1247,60.52,-3.75,0.1629,2.4914
1248,268.25,51.66,1.0717,13.8711
1249,45.92,-14.05,0.2364,4.2596
1250,5.05,-25.59,0.2235,3.0509
1251,35.79,-30.56,0.3270,4.1873
1252,49.68,-22.25,0.1497,1.8137
1253,255.07,32.60,0.7571,11.1043
1254,12.09,-47.14,0.2516,4.6862
1255,260.34,15.84,0.2866,3.6119
1256,24.92,-39.64,0.3388,5.7035
1257,240.61,19.62,0.2740,3.7219
1258,262.97,27.52,0.2459,2.6552
1259,-31.43,-49.70,0.4308,6.9297
1260,170.92,-51.10,1.3893,15.9797
1261,294.65,38.68,0.4678,5.7038
1262,198.09,-45.27,1.0022,10.8502
1263,-13.61,-60.99,0.3860,6.5458
1264,270.19,1.96,1.3038,18.1472
1265,221.71,-35.10,0.3845,6.1126
1266,242.49,30.45,0.3293,4.9518
1267,226.64,5.60,0.4733,5.8529
1268,33.26,-23.90,0.2193,3.6488
1269,303.01,20.23,0.9913,12.2884
1270,16.91,-33.36,0.4347,8.1160
1271,25.17,-57.69,0.2350,3.0152
1272,240.20,51.69,0.7376,9.3482
1273,269.15,26.90,0.7971,10.7592
1274,241.46,11.90,0.6929,10.9216
1275,273.54,67.11,0.9339,11.5764
1276,262.34,25.69,0.6911,11.2753
1277,240.25,1.43,1.4551,24.1276
1278,29.92,-24.56,0.3544,6.1641
1279,41.13,-35.67,0.2066,2.7448
1280,50.19,-36.22,0.3584,3.8059
1281,215.22,49.82,0.4110,6.3167
1282,224.04,2.43,0.7514,9.7048
1283,312.47,80.31,0.5103,5.2301
1284,288.34,17.84,0.5024,5.9421
1285,265.40,87.08,0.6984,10.7982
1286,-12.25,-47.05,0.3067,4.6115
1287,270.40,213.42,0.8576,11.9206
1288,261.31,19.27,0.2879,4.2320
1289,263.84,1.73,0.4860,7.4729
1290,26.82,-53.64,0.5454,5.8788
1291,265.38,29.19,0.3875,5.2781
1292,250.32,21.39,0.5112,8.3619
1293,261.86,-6.46,0.8709,11.4892
1294,239.93,10.69,0.3933,5.2105
1295,249.61,22.59,0.1918,3.1815
1296,242.12,25.87,0.5108,6.6080
1297,254.65,-23.84,0.3328,4.5368
1298,286.68,28.86,0.8253,10.7294
1299,257.37,85.69,0.4210,6.0634
1300,204.32,-51.80,0.7804,10.2950
1301,290.27,-0.77,0.5486,5.4451
1302,13.58,-92.54,0.5308,7.7097
1303,-5.23,-50.64,0.3515,5.4401
1304,264.33,21.71,0.3510,5.5160
1305,7.95,-59.16,0.2881,5.4129
1306,40.92,-44.69,0.3890,6.9907
1307,230.16,-4.63,1.0790,14.6522
1308,251.94,14.10,0.3667,4.9953
1309,21.32,-43.89,0.1309,2.7879
1310,248.24,109.89,0.4939,6.4697
1311,218.68,12.78,0.9063,10.5556
1312,54.73,-35.82,0.4142,6.9882
1313,232.17,55.67,0.5801,9.6020
1314,254.21,-18.50,0.5713,9.3367
1315,264.09,-4.37,0.8786,12.9080
1316,282.89,43.44,0.2349,3.5008
1317,261.61,-3.85,0.5922,8.3535
1318,253.10,-9.18,1.0551,17.9642
1319,235.96,32.44,0.4574,6.0946
1320,231.21,13.14,0.5116,5.6477
1321,17.30,-22.32,0.1800,2.4050
1322,301.81,39.39,0.5135,5.1852
